,missing_joint_probabilities,missing_joint_probabilities,missing_joint_probabilities,missing_joint_probabilities,missing_joint_probabilities,missing_joint_probabilities,missing_joint_probabilities,missing_joint_probabilities,missing_joint_probabilities,missing_joint_probabilities,missing_joint_probabilities,missing_joint_probabilities,missing_joint_probabilities,missing_joint_probabilities,missing_joint_probabilities,missing_joint_probabilities,missing_joint_probabilities,missing_joint_probabilities,missing_joint_probabilities,missing_joint_probabilities,missing_joint_probabilities,missing_joint_probabilities,missing_joint_probabilities,missing_joint_probabilities,missing_joint_probabilities,missing_joint_probabilities,F1Score,F1Score
,crl_root,crl_hips__C,crl_spine__C,crl_spine01__C,crl_shoulder__L,crl_arm__L,crl_foreArm__L,crl_hand__L,crl_neck__C,crl_Head__C,crl_eye__L,crl_eye__R,crl_shoulder__R,crl_arm__R,crl_foreArm__R,crl_hand__R,crl_thigh__R,crl_leg__R,crl_foot__R,crl_toe__R,crl_toeEnd__R,crl_thigh__L,crl_leg__L,crl_foot__L,crl_toe__L,crl_toeEnd__L,summary,max
0,0,1,0,1,1,1,0,0,1,0,0,1,1,0,1,1,1,0,1,1,1,1,1,1,1,0,0.7974494099617004,0.8143224120140076
1,0,1,0,1,0,0,0,1,1,0,1,1,0,1,0,1,0,1,0,1,0,1,0,0,1,0,0.8495670557022095,0.8581912517547607
2,1,1,1,1,1,1,1,1,1,1,0,1,1,0,1,1,1,0,0,1,1,1,0,1,1,1,0.7510930299758911,0.7523030042648315
3,0,1,1,1,1,0,0,1,1,1,1,0,1,0,1,0,1,0,1,1,1,1,1,1,1,1,0.8369805812835693,0.839198112487793
4,1,1,0,1,1,1,0,1,1,0,0,1,1,1,0,0,1,0,1,0,0,1,1,1,0,1,0.8491174578666687,0.8343936204910278
5,0,1,1,0,0,1,1,0,1,0,0,0,1,0,0,1,1,0,1,1,1,1,1,0,1,1,0.8632853627204895,0.7798158526420593
6,1,1,1,1,1,0,1,0,0,1,1,1,0,1,0,1,1,0,0,1,1,1,1,1,1,1,0.8306189775466919,0.8057546019554138
7,1,1,1,1,1,0,1,1,1,0,0,1,1,0,0,0,1,0,1,1,1,0,0,1,0,1,0.8517061471939087,0.8359641432762146
8,1,1,1,1,1,0,1,1,1,1,0,1,0,0,1,1,1,1,1,1,0,0,0,1,0,0,0.843085527420044,0.8160204887390137
9,1,1,1,1,1,0,0,1,1,0,0,1,1,0,0,1,1,0,1,1,0,0,1,1,1,0,0.838857889175415,0.8498327732086182
10,1,0,1,1,1,1,0,1,1,0,0,1,0,1,1,1,1,1,1,1,0,1,0,1,1,1,0.8588230609893799,0.8261862993240356
11,1,1,0,1,0,1,1,1,0,1,1,1,1,0,1,1,1,1,0,1,1,1,1,1,1,1,0.7676734328269958,0.7343690395355225
12,1,0,0,1,1,0,0,1,1,1,1,0,1,1,1,1,0,1,0,1,0,0,0,1,0,1,0.8472421765327454,0.8410071134567261
13,0,1,1,0,0,1,0,0,1,0,0,1,1,1,1,0,1,0,1,1,1,1,1,1,0,1,0.8350300788879395,0.8373188972473145
14,1,0,1,0,0,1,0,0,1,0,1,0,1,1,1,1,1,1,0,1,1,1,1,1,0,0,0.852577805519104,0.8357106447219849
15,1,1,1,0,1,1,0,0,0,0,1,0,0,0,1,0,0,0,1,1,1,1,1,1,1,1,0.8437299728393555,0.8508113622665405
16,1,1,1,1,1,1,0,0,1,1,0,0,1,0,1,0,1,1,1,0,1,1,0,0,0,1,0.8811581134796143,0.8743147850036621
17,1,1,1,1,1,1,1,0,0,0,0,1,1,1,1,0,1,1,1,0,1,1,1,1,1,1,0.8569191098213196,0.8546099662780762
18,0,1,1,1,0,1,0,0,1,0,1,0,0,1,1,0,1,1,1,1,1,1,1,1,1,1,0.8022106885910034,0.8197964429855347
19,0,0,0,0,1,1,0,0,1,0,1,0,0,1,1,0,1,0,0,0,0,1,0,1,1,0,0.8557124733924866,0.8702684640884399
20,0,1,0,0,1,1,0,1,1,1,1,1,1,1,1,1,1,0,0,1,1,0,0,0,1,1,0.8508380651473999,0.8540507555007935
21,1,0,1,1,1,0,0,0,1,1,0,1,1,0,0,1,0,1,1,1,1,0,1,1,1,1,0.838660717010498,0.8264138698577881
22,1,1,1,0,0,1,1,0,1,1,1,1,1,0,0,0,1,1,0,1,1,0,1,1,0,0,0.8396685123443604,0.8153477907180786
23,1,1,1,1,1,1,0,1,1,0,1,0,1,0,0,1,1,1,1,1,1,1,0,0,1,0,0.8351420164108276,0.8495724201202393
24,1,1,0,0,1,1,0,1,0,1,0,1,1,0,0,1,1,1,1,1,1,0,1,1,0,1,0.8369805812835693,0.8450956344604492
25,1,1,0,1,0,1,0,1,1,1,0,1,0,1,1,1,1,1,1,0,1,1,0,1,1,1,0.8523401021957397,0.8381448984146118
26,1,1,1,0,1,1,0,0,0,0,0,0,1,0,1,0,1,1,1,1,1,1,1,0,0,1,0.8332889080047607,0.8365544080734253
27,1,1,0,1,0,0,1,0,1,0,1,1,0,1,1,0,1,1,1,0,1,1,1,1,0,1,0.8423311114311218,0.8532334566116333
28,0,1,1,1,0,1,0,0,0,1,1,0,1,1,1,0,1,0,1,0,0,0,1,0,0,1,0.8702147603034973,0.8542178869247437
29,1,1,0,0,1,1,1,0,1,1,0,1,0,1,0,1,1,1,1,0,1,0,1,1,1,1,0.8187932968139648,0.8215653896331787
30,0,1,1,1,1,1,0,0,1,0,0,1,0,0,1,1,1,1,1,1,0,1,1,1,1,0,0.8401378393173218,0.8500526547431946
31,1,1,1,0,1,1,0,1,0,0,0,1,1,0,1,1,1,0,1,0,0,1,1,1,1,1,0.8746167421340942,0.8917276859283447
32,1,1,1,0,1,1,0,0,1,0,0,0,1,0,1,1,1,1,1,1,1,1,0,1,1,1,0.8626129627227783,0.8480069637298584
33,0,1,1,1,0,1,1,0,1,1,0,0,0,1,1,0,1,1,1,0,1,1,1,1,1,0,0.8307210206985474,0.8747527599334717
34,1,1,1,1,1,1,0,1,0,0,1,1,1,1,1,1,0,0,1,1,1,0,1,1,1,0,0.841706395149231,0.8432055711746216
35,1,0,1,1,0,0,1,1,1,0,1,0,1,0,1,0,1,1,1,1,0,1,1,1,1,0,0.8304648399353027,0.8437299728393555
36,0,1,1,1,0,1,1,1,1,1,1,0,0,0,1,1,1,1,1,0,1,1,1,1,0,0,0.8057342767715454,0.8057342767715454
37,1,1,1,1,0,1,1,0,1,0,0,1,0,1,1,0,1,1,1,0,0,1,1,1,0,1,0.8712259531021118,0.8605957627296448
38,1,0,0,1,1,1,0,0,1,0,0,0,1,0,1,1,1,1,0,1,1,1,1,1,1,1,0.8468837141990662,0.8409266471862793
39,0,1,1,1,0,0,1,0,0,0,0,1,0,0,1,1,1,0,1,1,1,1,0,1,0,0,0.8726825714111328,0.8529424667358398
40,0,1,1,1,0,1,1,1,1,0,1,0,1,1,0,1,1,1,1,1,1,0,1,1,1,1,0.8029506206512451,0.8302377462387085
41,1,0,1,1,1,1,0,0,1,0,1,1,1,1,1,1,1,1,1,0,1,1,0,1,1,1,0.7756210565567017,0.7981669902801514
42,1,0,0,1,1,0,0,0,1,0,0,1,1,0,1,1,1,0,1,1,1,1,1,1,0,1,0.8375246524810791,0.8344722986221313
43,0,1,0,1,1,1,0,1,1,0,1,0,0,1,1,1,1,0,1,1,0,1,1,1,1,1,0.8325450420379639,0.8328896760940552
44,0,0,1,1,1,1,0,0,1,1,0,1,1,0,1,1,1,0,0,1,0,1,1,0,1,1,0.8438140153884888,0.8742605447769165
45,1,1,1,0,1,1,1,0,1,0,0,0,1,0,0,0,1,1,0,0,0,1,0,1,1,1,0.8832601308822632,0.8658279180526733
46,0,0,1,1,1,1,0,0,1,1,0,0,1,1,0,0,1,1,0,1,0,0,1,1,0,1,0.8240633606910706,0.8378514051437378
47,0,1,0,0,0,1,1,1,1,1,1,0,1,1,1,1,1,0,1,1,1,1,0,1,1,1,0.8056753873825073,0.7768643498420715
48,1,1,1,1,1,1,1,1,0,0,1,1,1,1,1,0,1,0,1,1,1,1,1,1,0,0,0.8171746134757996,0.8192611336708069
49,1,1,1,1,1,0,1,1,1,0,1,0,1,0,1,1,1,0,1,1,0,0,1,1,1,1,0.8273160457611084,0.8442249298095703
50,1,1,1,1,0,1,1,0,1,0,0,1,0,1,1,1,1,1,0,0,1,0,1,1,1,0,0.835551917552948,0.8424021005630493
51,1,0,1,1,1,1,0,1,1,0,1,0,1,1,1,0,1,1,1,0,0,1,1,1,1,1,0.7595891952514648,0.8311493396759033
52,0,1,1,0,1,1,0,1,1,1,0,0,1,0,1,1,0,1,1,1,0,0,0,0,1,1,0.8670693635940552,0.8482481241226196
53,0,0,1,1,1,1,0,0,1,0,0,0,1,0,1,1,1,1,0,1,0,1,0,0,0,1,0.9048196077346802,0.9038010835647583
54,0,1,1,1,0,1,0,0,0,0,0,1,1,1,1,1,1,1,1,0,1,1,0,0,1,0,0.833311915397644,0.8479436635971069
55,0,1,1,1,1,1,0,1,1,0,1,0,1,0,1,0,1,1,0,1,1,1,1,1,1,0,0.8319298624992371,0.847731351852417
56,1,0,1,1,1,1,0,1,1,1,1,0,1,1,0,0,0,1,1,1,0,1,0,1,1,1,0.8547302484512329,0.8201408386230469
57,1,1,1,1,1,1,1,0,0,0,0,1,1,1,0,1,0,1,1,1,1,1,0,1,0,0,0.8266239166259766,0.8282025456428528
58,1,1,1,1,0,1,0,0,1,0,1,1,1,1,0,1,1,1,1,1,1,0,0,1,1,1,0.8062081336975098,0.8013086318969727
59,0,1,1,0,0,1,1,0,0,0,0,0,0,1,0,1,0,1,0,1,1,1,0,1,0,0,0.8989337682723999,0.91022127866745
60,1,1,1,1,1,1,0,0,1,1,1,0,1,0,1,0,0,0,1,1,0,1,1,1,1,1,0.8453406095504761,0.849047064781189
61,1,0,1,0,0,1,0,1,1,1,1,0,1,0,0,1,1,1,1,1,1,1,1,0,1,1,0.7277534008026123,0.8259429335594177
62,0,0,0,0,0,0,0,0,1,1,1,0,0,0,1,0,1,1,0,1,0,1,0,1,1,0,0.8293858766555786,0.8458874821662903
63,0,1,1,1,1,1,1,1,1,0,0,1,1,1,1,1,1,0,1,1,0,0,0,0,1,0,0.8197964429855347,0.8375451564788818
64,1,1,1,0,1,0,0,0,1,0,1,0,0,0,1,0,1,0,1,1,1,0,1,1,1,0,0.8383209705352783,0.8521768450737
65,1,0,1,1,0,1,1,1,1,0,0,0,1,0,0,0,1,1,1,0,0,1,1,1,1,1,0.8826245665550232,0.8683305382728577
66,1,1,1,1,1,1,0,1,1,0,1,1,0,1,1,0,1,1,1,1,0,1,1,1,1,1,0.8089393377304077,0.8247374892234802
67,0,0,1,0,1,1,1,1,1,0,1,0,1,0,1,1,1,1,1,1,1,1,1,1,0,1,0.8628593683242798,0.8476749062538147
68,0,0,1,1,0,1,0,1,0,0,0,0,1,1,1,0,1,0,1,1,1,1,1,1,1,1,0.7834750413894653,0.8175506591796875
69,1,1,1,1,1,1,1,0,0,1,1,0,1,0,1,1,1,1,1,0,0,1,1,1,0,1,0.8452305793762207,0.8334270715713501
70,1,0,0,1,1,1,0,1,1,1,1,1,0,1,0,1,1,1,1,0,0,1,1,1,1,0,0.8197247385978699,0.8281443119049072
71,1,1,1,1,1,1,0,1,1,0,0,1,1,1,0,0,1,1,1,0,0,1,0,1,1,1,0.8646235466003418,0.8620762825012207
72,1,0,1,1,1,1,0,1,1,1,1,0,1,0,0,0,1,0,1,0,0,1,1,1,0,1,0.8387855291366577,0.8325243592262268
73,1,1,1,1,1,1,0,0,1,0,0,1,1,0,1,0,1,1,0,1,0,1,0,1,0,1,0.7945903539657593,0.8624252080917358
74,0,1,1,1,0,1,1,0,1,0,0,1,1,0,1,1,1,1,0,0,0,1,1,1,1,1,0.829615592956543,0.8628219366073608
75,1,0,1,1,0,0,0,0,1,1,0,1,1,0,1,0,1,1,1,0,0,1,1,1,1,1,0.8552933931350708,0.8578804731369019
76,1,0,1,0,1,1,0,1,1,1,0,1,0,0,0,0,1,0,1,1,1,0,1,0,1,1,0.8141533136367798,0.8456596732139587
77,1,0,0,1,1,1,0,1,1,0,0,1,0,0,1,1,1,1,1,1,1,0,1,1,1,1,0.8417372703552246,0.8417372703552246
78,1,1,1,1,1,1,0,1,1,1,1,1,1,0,0,0,1,0,1,1,0,0,1,1,1,1,0.8145725131034851,0.8183006644248962
79,1,0,1,1,1,0,1,0,1,1,0,1,0,1,1,0,1,1,1,1,1,1,1,1,0,0,0.8319298624992371,0.847174882888794
80,0,0,1,1,1,1,0,0,1,1,0,0,0,1,1,1,1,0,1,1,1,1,1,1,1,0,0.7983002066612244,0.8447076082229614
81,1,0,1,1,0,1,1,1,1,0,1,1,0,1,0,0,0,1,1,0,1,0,0,1,1,1,0.811050534248352,0.842464029788971
82,1,1,0,1,1,1,0,1,1,1,1,1,0,1,1,1,1,1,1,1,0,0,0,1,1,1,0.8083120584487915,0.8437299728393555
83,1,1,1,1,1,1,0,1,1,1,0,0,1,1,0,1,1,1,1,1,1,1,1,1,1,0,0.8325002193450928,0.8277280926704407
84,0,0,1,1,1,1,0,1,1,0,0,1,0,0,1,1,1,1,1,0,0,0,1,1,1,1,0.8407928943634033,0.8245470523834229
85,1,0,1,1,1,1,0,1,0,0,1,1,0,0,1,0,1,0,0,1,1,1,1,1,1,0,0.866837739944458,0.8655940294265747
86,0,1,1,0,1,1,1,1,1,1,1,0,0,0,0,1,1,0,1,0,1,1,1,1,1,1,0.7944499254226685,0.7965003252029419
87,1,0,1,0,0,0,0,1,0,1,0,0,1,1,1,1,1,1,1,1,1,1,1,1,0,0,0.8324592113494873,0.8517672419548035
88,1,0,1,1,0,0,1,1,0,1,1,0,1,1,1,0,1,0,0,1,1,1,1,1,0,0,0.8357753157615662,0.8367112278938293
89,1,1,1,1,1,1,1,1,1,1,0,0,0,1,1,1,1,1,1,1,1,1,0,1,1,0,0.7357779741287231,0.7337578535079956
90,0,1,1,1,1,1,0,1,0,0,0,1,1,1,1,1,0,1,1,1,1,1,0,1,1,0,0.8143423795700073,0.845813512802124
91,1,0,1,0,1,1,1,1,1,0,0,0,0,0,1,1,1,1,1,1,0,1,1,1,1,0,0.7958288192749023,0.82736736536026
92,1,1,1,1,0,1,1,1,1,1,0,1,0,1,0,0,0,1,1,1,1,0,1,1,0,1,0.826817512512207,0.8244407176971436
93,0,1,1,0,1,1,0,0,1,1,1,0,1,1,0,0,1,1,1,0,1,1,1,0,1,1,0.839526355266571,0.8546099662780762
94,1,1,1,1,0,0,0,0,1,0,1,0,1,0,1,1,1,0,0,0,1,1,1,1,0,0,0.8599466681480408,0.8544844388961792
95,1,1,0,1,1,0,0,0,1,0,1,1,1,0,0,0,1,0,1,1,1,1,0,0,0,1,0.8730797171592712,0.8602613210678101
96,1,0,1,0,1,1,1,0,1,1,1,1,1,0,0,0,1,1,1,0,1,1,1,1,1,1,0.8290278911590576,0.8448145985603333
97,0,1,1,1,1,1,0,1,0,1,1,0,1,1,1,1,1,1,0,0,1,1,1,1,1,1,0.7248045802116394,0.8471062779426575
98,1,0,1,1,1,1,1,1,1,1,0,1,1,0,1,1,1,1,1,0,0,1,1,0,1,1,0.8396146297454834,0.8495724201202393
99,1,1,1,1,1,1,1,0,1,1,0,1,0,0,1,0,0,0,1,1,0,1,0,1,1,0,0.852989912033081,0.8522226810455322
100,0,1,1,1,1,0,0,0,0,1,1,1,0,0,1,1,0,1,1,1,1,1,1,0,1,0,0.7782890796661377,0.7591197490692139
101,0,1,1,1,0,1,0,1,1,1,0,0,1,0,1,0,0,0,0,0,1,1,1,1,0,1,0.8627386093139648,0.859322726726532
102,0,1,1,1,1,1,1,1,0,1,1,1,1,0,1,1,1,0,1,1,0,1,1,1,0,1,0.7899388670921326,0.8252441883087158
103,1,1,0,1,0,0,0,1,0,0,1,1,1,0,1,1,1,1,1,1,1,0,1,1,1,1,0.8395963907241821,0.8365380764007568
104,1,1,1,1,1,1,0,0,1,1,1,0,1,1,1,1,0,0,1,0,1,0,1,0,1,0,0.8438783884048462,0.8355238437652588
105,0,1,1,1,1,0,0,1,1,1,0,0,1,1,1,0,1,1,1,1,1,0,0,1,0,1,0.7970754504203796,0.8510714769363403
106,1,1,0,1,1,0,1,1,1,0,0,1,0,0,1,0,1,1,1,1,1,1,1,0,0,1,0.8361511826515198,0.8317102789878845
107,1,1,1,1,1,1,0,1,0,1,0,0,0,1,1,1,0,1,1,0,1,1,1,1,1,1,0.8488487005233765,0.8488487005233765
108,0,0,0,0,1,0,0,0,0,0,1,1,1,1,1,1,1,0,0,1,1,1,0,1,1,1,0.8292834162712097,0.8130327463150024
109,1,1,1,1,1,0,0,0,1,0,0,1,0,1,0,1,1,0,1,1,1,1,1,0,0,0,0.8562315702438354,0.8526549339294434
110,1,0,1,1,1,1,0,1,1,0,1,1,0,0,1,1,1,1,0,0,1,1,1,1,0,1,0.8298894762992859,0.8244407176971436
111,1,1,1,1,0,1,0,0,1,1,0,1,1,0,1,1,1,1,1,0,1,0,1,0,0,1,0.851457953453064,0.8699231147766113
112,1,0,1,1,1,1,0,1,1,0,0,0,1,0,1,1,1,1,1,0,1,1,0,1,1,1,0.8158577680587769,0.8553608655929565
113,0,1,1,1,1,1,1,1,0,0,1,0,1,0,1,0,1,1,1,0,0,1,1,1,1,1,0.8225305676460266,0.8274601697921753
114,1,0,0,1,1,1,0,1,1,0,1,0,1,1,1,1,0,0,1,1,1,1,0,1,1,0,0.8558591604232788,0.8623467683792114
115,0,0,1,1,0,1,1,1,1,0,1,1,1,0,1,1,1,0,1,0,1,1,0,1,1,1,0.8227777481079102,0.8456600904464722
116,1,1,1,0,0,1,0,1,0,1,1,1,1,0,1,1,1,1,1,1,0,1,1,1,1,0,0.8035105466842651,0.8137223720550537
117,1,1,0,0,1,1,1,1,0,0,1,0,0,1,0,0,0,1,0,1,1,1,1,1,1,0,0.8428007364273071,0.8462363481521606
118,1,1,1,1,1,0,0,1,0,1,0,0,1,1,1,1,1,0,1,1,0,1,1,1,0,1,0.7716255187988281,0.795477032661438
119,1,1,1,1,1,1,0,0,1,0,0,0,1,1,1,1,1,1,1,0,1,1,0,1,0,1,0.8484423160552979,0.8483519554138184
120,1,1,1,1,1,1,0,0,1,1,0,1,1,1,1,0,1,1,0,0,1,0,1,1,0,0,0.852273166179657,0.8484423160552979
121,0,0,1,0,1,0,0,0,0,0,1,0,0,1,0,0,0,0,0,1,1,0,0,0,1,0,0.8698681592941284,0.8855636715888977
122,1,1,1,1,1,1,0,0,0,1,1,0,1,1,0,0,0,1,1,1,1,1,1,1,1,1,0.8522048592567444,0.846964955329895
123,1,1,1,1,1,1,0,1,0,0,0,1,1,0,1,0,1,1,0,0,0,1,0,1,1,1,0.8496006727218628,0.8563681244850159
124,1,1,1,1,1,1,0,1,1,1,1,0,1,1,0,0,1,1,1,0,1,1,0,1,0,0,0.8339776992797852,0.8108363747596741
125,1,0,1,1,0,1,0,1,0,0,1,1,0,1,1,0,1,1,1,1,0,0,0,1,1,1,0.8202238082885742,0.8335167169570923
126,1,1,1,1,0,0,0,1,1,1,1,1,0,0,0,1,0,0,1,0,1,1,1,0,1,0,0.7718104720115662,0.8333128690719604
127,0,1,1,1,1,1,1,1,1,1,1,1,1,0,1,0,1,0,1,0,1,1,1,1,0,0,0.8215257525444031,0.7989697456359863
128,1,0,0,0,1,0,0,1,1,1,1,0,1,0,0,1,1,1,1,0,0,0,0,0,1,1,0.8483142256736755,0.8389982581138611
129,0,0,1,1,1,1,0,1,0,0,0,1,1,0,1,1,0,0,1,1,1,1,1,1,0,1,0.8620604872703552,0.7942880392074585
130,0,1,1,0,0,1,0,1,1,1,0,1,0,1,1,1,1,1,1,1,1,0,1,1,0,0,0.8453406095504761,0.839157223701477
131,1,1,1,1,1,1,0,1,1,0,0,1,1,0,1,1,1,1,0,0,1,1,1,1,1,1,0.8345237970352173,0.8565583825111389
132,0,1,1,1,1,1,0,0,0,0,0,1,0,0,1,1,0,1,1,0,1,1,1,1,1,0,0.8385598063468933,0.8514629602432251
133,1,1,1,0,1,1,1,1,0,0,0,0,1,1,0,0,1,1,1,0,1,1,1,1,1,0,0.8529979586601257,0.8472112417221069
134,1,1,1,0,0,0,0,0,1,0,1,1,1,1,1,0,1,0,1,1,1,1,1,1,1,1,0.846742570400238,0.8589374423027039
135,0,1,1,1,0,1,0,1,1,0,0,0,1,0,1,1,0,0,1,0,1,0,0,1,0,1,0.8767348527908325,0.9007775783538818
136,1,1,1,1,0,0,0,0,1,0,1,1,1,1,1,1,1,1,1,0,1,1,1,0,1,1,0.8115543127059937,0.8452960252761841
137,0,1,0,1,0,1,0,1,1,0,1,1,0,0,1,0,0,1,1,1,0,1,0,1,1,1,0.7993718981742859,0.8361184597015381
138,1,1,1,0,0,0,1,1,1,1,1,1,0,0,0,1,0,1,1,0,1,0,1,1,1,1,0.8256049156188965,0.8144955039024353
139,0,1,1,1,1,1,1,0,1,1,0,1,1,1,0,1,1,1,0,0,0,1,0,1,0,1,0.8288916349411011,0.8291465640068054
140,1,1,1,0,1,1,0,0,1,1,1,1,1,0,1,1,0,1,1,0,0,1,1,1,1,0,0.8351776599884033,0.8138821721076965
141,1,0,1,1,1,1,1,0,1,0,1,1,1,0,1,0,1,1,1,1,1,1,1,0,1,0,0.8408793210983276,0.7931069135665894
142,1,1,1,1,1,0,0,0,1,1,1,0,0,0,1,1,1,1,0,0,1,1,0,1,1,1,0.862470269203186,0.8277280926704407
143,1,0,1,1,1,1,0,1,1,0,0,1,0,0,1,1,1,1,1,1,0,0,1,1,1,1,0.8419362306594849,0.8419362306594849
144,0,0,1,0,1,1,0,0,0,0,0,0,0,1,0,0,0,1,1,1,1,0,0,0,0,0,0.8835875988006592,0.89322829246521
145,1,1,1,0,1,1,0,0,1,0,0,0,1,0,1,1,1,1,1,1,1,0,0,0,1,1,0.843694806098938,0.8483788967132568
146,0,1,1,0,0,0,0,1,0,0,0,0,0,1,1,0,1,1,1,1,0,1,1,1,0,0,0.8765945434570312,0.8646308183670044
147,0,1,1,1,0,0,0,1,1,1,0,0,0,1,0,0,1,1,1,0,1,1,0,0,1,0,0.7410069108009338,0.839526355266571
148,0,1,0,0,1,1,0,1,1,0,0,1,0,1,0,0,1,0,1,0,0,1,1,0,0,1,0.8496794700622559,0.8475916385650635
149,0,1,1,1,1,1,0,0,1,1,1,1,0,0,1,1,1,1,1,1,1,0,1,1,1,1,0.8330631256103516,0.829613208770752
150,1,1,0,1,1,1,0,1,1,0,1,0,1,1,1,1,0,0,1,0,1,1,0,0,1,1,0.8486825823783875,0.8408793210983276
151,1,1,0,1,1,1,1,1,1,0,0,1,1,1,1,0,0,1,1,0,1,0,1,1,0,1,0.819757342338562,0.8227192163467407
152,0,1,1,1,1,1,0,1,1,0,1,0,1,0,1,1,1,0,1,0,0,1,1,0,0,1,0.8324291706085205,0.8471062779426575
153,1,1,0,1,1,1,1,1,1,1,0,1,0,0,1,0,1,1,1,1,0,1,1,1,1,0,0.8446574211120605,0.8294320702552795
154,1,1,1,1,1,1,1,1,1,0,0,0,0,0,1,0,1,1,1,1,0,0,1,1,0,1,0.8356180191040039,0.815645694732666
155,1,1,1,1,0,1,1,0,1,1,0,0,1,1,1,1,1,1,1,0,1,1,0,1,0,1,0.8354281187057495,0.8476749062538147
156,1,1,1,1,1,0,1,1,1,0,0,1,0,0,1,0,1,1,1,1,0,1,0,1,1,1,0.8492541313171387,0.8396396636962891
157,0,1,1,1,1,1,1,1,0,1,0,0,0,0,1,0,1,0,1,0,1,1,1,0,1,0,0.8441685438156128,0.8282259702682495
158,0,1,0,1,1,1,1,1,1,0,1,0,1,0,1,0,1,1,1,1,1,1,0,1,0,1,0.8285313844680786,0.8382563591003418
159,1,1,0,1,1,0,1,0,0,1,0,0,1,1,1,1,1,0,1,1,0,0,1,1,1,1,0.849690318107605,0.8560701608657837
160,1,1,0,0,0,0,1,1,1,1,0,0,0,1,1,1,1,1,1,1,1,1,1,1,1,1,0.8387855291366577,0.8432055711746216
161,0,1,0,0,1,1,0,1,1,1,0,0,1,1,1,1,1,0,1,0,0,0,1,0,1,0,0.8687961101531982,0.8585792183876038
162,1,1,1,1,1,0,0,1,1,0,0,0,1,1,1,1,1,1,1,1,1,0,0,1,0,1,0.8138391971588135,0.8158798217773438
163,0,1,1,1,1,1,0,1,1,1,1,1,1,1,0,0,0,1,1,1,1,0,1,1,0,1,0.822113037109375,0.8337202072143555
164,0,1,1,1,0,1,0,1,0,1,1,0,1,1,1,0,1,0,1,1,0,1,1,1,0,1,0.7924506664276123,0.8576952219009399
165,0,1,1,1,1,1,0,1,1,1,0,0,0,1,1,0,0,0,0,0,1,1,1,0,1,1,0.855509340763092,0.8639850616455078
166,1,1,1,1,1,1,0,0,1,0,1,0,1,1,1,1,1,1,1,1,1,1,1,1,0,1,0.8304949998855591,0.8441355228424072
167,1,1,1,1,1,1,1,0,1,1,0,0,0,1,1,0,1,1,1,1,1,1,0,1,1,1,0.7840720415115356,0.7851995229721069
168,0,0,0,1,1,1,1,1,1,0,0,0,0,0,0,1,1,1,1,1,1,1,1,0,1,0,0.8943634033203125,0.8900541663169861
169,0,1,0,1,0,0,1,1,1,0,1,1,1,1,1,1,1,0,1,1,1,1,1,1,0,1,0.7418506145477295,0.7800558805465698
170,1,1,1,1,1,1,0,0,1,0,1,1,1,1,1,0,0,0,1,0,0,1,1,1,0,1,0.8004394173622131,0.8548454642295837
171,1,1,1,1,0,1,1,0,1,0,1,1,0,1,1,1,1,0,0,0,1,1,1,0,0,1,0.8452960252761841,0.8344722986221313
172,0,1,0,1,1,0,0,0,1,0,0,0,0,1,0,1,0,0,1,1,0,0,0,1,1,1,0.8761172294616699,0.8729291558265686
173,1,0,0,1,1,1,0,1,0,1,1,1,1,1,0,1,0,0,1,0,0,0,1,1,0,1,0.8474305272102356,0.8404872417449951
174,1,1,1,1,1,1,0,0,0,1,0,1,1,1,0,0,1,1,1,0,0,0,1,0,0,1,0.8644323945045471,0.8545463681221008
175,1,1,1,1,0,1,0,1,0,0,1,1,1,1,1,1,0,1,0,0,1,1,1,1,1,0,0.8485651612281799,0.8417967557907104
176,0,0,1,0,1,1,0,0,1,0,1,0,0,0,0,0,1,1,1,0,1,1,0,1,1,1,0.8509713411331177,0.8547884821891785
177,1,1,1,0,1,0,0,1,0,1,0,0,1,1,0,1,0,1,0,0,1,0,1,1,0,0,0.8447304964065552,0.8664720058441162
178,1,1,0,1,1,1,1,1,1,1,0,1,1,1,1,0,1,1,1,0,1,0,1,0,1,1,0.8389982581138611,0.8226184248924255
179,0,1,1,1,0,1,1,1,1,0,1,0,1,0,0,1,1,1,1,1,1,0,0,1,1,0,0.845268726348877,0.8458230495452881
180,0,1,1,1,1,1,0,1,0,1,0,1,1,0,1,0,1,1,1,1,1,1,1,0,0,1,0.8574420213699341,0.8349785804748535
181,1,1,1,0,0,1,1,1,1,1,1,1,1,0,1,1,1,0,1,1,0,1,0,1,1,0,0.7715529203414917,0.7851922512054443
182,1,0,1,1,0,1,0,1,1,1,0,1,1,0,0,1,1,1,1,1,1,1,1,1,1,1,0.8194573521614075,0.8002619743347168
183,1,1,0,1,1,1,0,0,1,1,0,0,1,0,1,1,1,1,1,1,1,1,1,1,1,1,0.8421541452407837,0.777994692325592
184,1,1,1,1,0,1,0,1,1,0,0,0,0,0,1,1,0,1,0,0,0,1,1,1,0,1,0.8546057343482971,0.8546057343482971
185,1,1,1,1,1,1,0,0,0,1,1,1,1,1,1,0,1,1,1,1,1,1,1,0,0,1,0.810992956161499,0.8252245187759399
186,1,1,1,0,1,1,0,1,1,1,0,1,1,0,1,1,0,1,1,0,1,1,0,0,1,1,0.8545706272125244,0.8545706272125244
187,0,1,0,1,1,1,0,0,0,0,1,0,0,1,1,0,1,1,0,1,1,0,1,1,0,1,0.8544844388961792,0.8410745859146118
188,1,1,0,1,1,1,0,0,1,1,0,1,0,0,1,0,0,1,1,1,1,1,1,1,0,0,0.856764554977417,0.8716249465942383
189,1,1,1,1,1,1,1,0,1,1,0,1,1,1,1,1,0,0,1,0,1,1,1,1,0,0,0.7835205793380737,0.8161890506744385
190,0,1,1,1,1,1,0,1,0,1,1,0,1,1,1,1,1,0,0,1,1,1,0,1,0,1,0.8441685438156128,0.8523702621459961
191,1,1,1,1,0,1,1,0,1,0,1,1,1,1,1,1,1,1,0,0,1,1,1,0,1,0,0.8015764951705933,0.8231182098388672
192,0,1,0,1,1,0,1,1,1,1,0,1,1,1,1,1,1,1,1,0,0,0,1,1,1,1,0.7385099530220032,0.7553519606590271
193,1,1,1,1,0,1,0,0,1,1,0,0,1,1,1,1,1,1,1,0,1,0,1,1,1,0,0.8377120494842529,0.8445369005203247
194,0,1,1,0,1,1,1,1,1,1,0,0,1,1,1,1,1,1,0,0,0,1,1,1,1,0,0.796387791633606,0.796387791633606
195,1,0,1,0,1,1,1,1,1,1,1,1,1,0,1,0,1,1,1,0,0,0,0,1,1,1,0.8286181688308716,0.840407133102417
196,0,1,1,1,1,1,1,0,1,0,0,1,0,0,1,0,1,1,0,1,1,1,0,1,1,1,0.8000673055648804,0.8567336797714233
197,1,0,1,0,1,0,0,0,0,1,1,1,1,1,0,1,0,0,1,0,1,0,1,1,1,1,0.7736021876335144,0.8163387775421143
198,1,1,1,1,1,1,1,1,0,0,0,0,1,1,0,1,1,0,0,1,0,1,1,1,1,1,0.8378035426139832,0.858315110206604
199,1,0,1,1,1,1,0,0,1,1,0,1,1,1,1,1,1,1,1,0,1,1,1,1,0,1,0.8255319595336914,0.8298578262329102
200,1,1,1,1,1,1,1,1,1,0,1,1,0,0,1,0,1,1,1,1,0,1,1,1,1,0,0.7907669544219971,0.8123055100440979
201,1,1,1,0,1,1,1,1,1,1,1,1,0,0,1,0,1,1,1,0,1,0,1,1,1,1,0.7692458033561707,0.75547194480896
202,0,1,1,0,1,1,0,1,0,0,0,0,0,0,1,0,1,1,1,0,1,1,1,1,1,1,0.8578718900680542,0.8736040592193604
203,1,1,1,0,0,1,0,0,1,1,1,1,0,1,0,0,1,1,1,0,1,0,1,0,1,1,0.8352321982383728,0.8522048592567444
204,0,1,1,1,1,1,1,1,0,0,1,1,1,0,0,1,0,1,0,1,1,0,1,1,1,1,0.816067099571228,0.8182238340377808
205,1,1,1,0,0,1,1,0,1,1,0,0,1,0,1,0,1,1,0,1,0,1,0,0,1,0,0.8780391216278076,0.8723097443580627
206,1,1,1,0,1,1,0,1,1,0,0,0,1,0,1,1,1,0,1,0,0,1,1,1,0,0,0.848857045173645,0.8715790510177612
207,1,1,0,1,0,0,1,1,1,0,0,0,1,0,0,0,1,1,1,0,1,1,1,1,0,0,0.8653027415275574,0.8698866367340088
208,1,1,0,1,0,1,1,1,0,0,0,0,0,0,0,0,1,1,1,1,0,1,1,1,0,1,0.8114310503005981,0.8632937669754028
209,1,1,1,1,1,1,0,0,1,0,0,1,1,1,1,1,1,1,1,0,1,0,1,1,1,0,0.837202787399292,0.8563004732131958
210,1,1,1,1,0,1,1,1,1,1,0,1,0,1,1,1,1,1,1,1,0,0,1,0,0,1,0.7541286945343018,0.7416872978210449
211,0,0,0,1,1,1,1,1,1,1,0,0,0,1,1,1,1,1,1,1,1,1,1,1,0,0,0.7254042625427246,0.7378840446472168
212,1,0,0,1,1,1,0,1,1,1,0,1,1,1,0,0,0,1,1,0,1,1,1,1,1,1,0.8368923664093018,0.8411605954170227
213,0,1,1,1,0,0,1,0,1,0,0,0,1,0,1,1,1,0,1,1,1,1,0,1,0,0,0.8516472578048706,0.8607814908027649
214,1,1,1,1,1,1,0,1,0,0,0,0,0,1,0,1,1,1,1,0,1,1,1,1,1,1,0.8555554747581482,0.8678476810455322
215,1,1,1,1,1,1,0,0,1,0,1,0,1,0,1,0,0,1,1,0,1,1,1,1,1,1,0.8639276027679443,0.8629752397537231
216,0,1,0,0,1,1,1,1,1,0,1,1,0,1,1,1,0,0,1,1,0,1,0,0,1,1,0.8152828216552734,0.8018413782119751
217,1,1,1,1,0,1,0,1,1,1,0,1,1,1,0,1,1,1,0,1,1,1,1,1,0,0,0.841989278793335,0.8509738445281982
218,1,0,1,0,1,1,0,1,0,0,1,0,0,0,1,0,1,1,1,1,1,1,1,1,1,1,0.8489022254943848,0.8489022254943848
219,0,1,1,1,0,1,1,0,0,1,0,0,0,1,0,1,0,1,1,1,1,1,1,1,1,0,0.8829922676086426,0.8855636715888977
220,1,1,1,0,1,1,0,0,1,0,1,0,1,1,1,1,0,0,1,1,1,1,1,0,1,1,0.8623467683792114,0.8567969799041748
221,1,1,0,1,0,1,1,1,1,1,1,1,1,1,1,1,1,1,1,0,1,0,1,1,1,1,0.7599980235099792,0.7599980235099792
222,1,1,1,1,1,1,1,0,1,0,0,1,1,1,0,0,1,1,1,1,0,1,1,1,1,0,0.8200924396514893,0.8309763669967651
223,1,1,1,1,0,0,1,0,1,0,0,1,1,1,1,1,0,0,1,0,1,1,1,1,1,1,0.8199814558029175,0.8381280899047852
224,1,1,0,1,0,1,0,1,1,0,1,1,1,0,1,1,0,1,1,1,1,1,1,1,1,1,0.7705317735671997,0.8368504047393799
225,1,1,0,1,1,1,1,1,0,0,0,0,0,1,1,1,0,0,0,1,1,1,1,1,1,0,0.7891396880149841,0.7849677801132202
226,1,1,0,0,0,1,0,0,0,0,1,1,0,0,1,1,1,0,1,0,1,0,0,0,0,0,0.8650515079498291,0.8686316609382629
227,1,1,1,1,1,0,1,0,1,1,1,1,0,0,1,1,1,1,1,0,1,1,1,0,1,1,0.8209275007247925,0.8095744252204895
228,0,1,1,1,1,1,1,0,1,1,1,0,1,0,1,1,1,1,1,0,1,0,1,1,1,0,0.79832923412323,0.7595582008361816
229,1,1,1,1,0,1,1,1,1,0,1,0,1,0,1,1,1,1,0,1,0,1,0,1,1,0,0.8434966802597046,0.8267138004302979
230,1,1,1,1,0,0,1,1,0,1,0,0,1,0,1,1,1,0,1,0,0,1,0,1,1,0,0.8567969799041748,0.836476743221283
231,1,0,1,1,1,1,1,0,1,1,0,1,1,0,1,1,1,0,0,1,0,1,1,0,1,0,0.8410071134567261,0.8268991112709045
232,0,1,0,1,0,1,0,0,1,1,0,0,0,1,1,0,1,1,1,1,1,1,1,1,1,1,0.8405472636222839,0.8431656956672668
233,1,1,1,1,0,1,0,1,1,1,0,0,0,1,0,0,1,1,0,1,1,1,1,1,1,0,0.7573624849319458,0.7470375299453735
234,1,1,0,1,0,0,1,1,1,0,1,1,0,0,0,1,1,0,1,0,0,1,1,0,0,0,0.8444193601608276,0.8404510021209717
235,1,1,1,1,1,1,1,1,1,0,1,1,0,1,1,1,0,0,1,1,1,1,0,1,1,1,0.7210981845855713,0.716713547706604
236,0,1,0,1,0,0,0,0,1,0,0,1,0,1,1,0,1,1,1,1,1,1,1,1,1,1,0.8551603555679321,0.8589631915092468
237,1,0,1,1,1,1,0,1,1,0,0,0,0,0,1,1,1,1,0,0,0,0,1,0,1,1,0.8586243391036987,0.8586243391036987
238,1,0,1,1,0,1,0,0,1,0,1,1,1,1,1,1,1,1,1,1,1,1,1,0,0,1,0.8397142887115479,0.8397142887115479
239,1,1,1,1,1,0,1,0,1,0,0,0,0,0,1,1,1,0,1,1,1,1,1,0,0,0,0.8569739460945129,0.8585151433944702
240,1,1,1,1,1,0,0,1,0,1,0,0,1,0,0,1,0,0,1,1,0,0,0,0,1,0,0.7683649659156799,0.8521768450737
241,0,1,1,1,0,1,1,0,1,1,1,0,1,0,1,1,1,0,1,1,0,1,0,0,1,0,0.855224609375,0.855224609375
242,1,1,1,1,1,0,0,1,1,0,0,1,1,0,0,0,1,1,1,1,1,0,1,1,1,1,0.8626129627227783,0.8475373983383179
243,1,1,1,1,1,1,0,0,0,1,0,1,0,1,1,0,0,1,0,1,1,1,1,1,1,1,0.829933762550354,0.8372321128845215
244,1,1,1,1,1,0,0,1,1,1,0,1,0,1,0,0,1,1,0,0,1,0,1,1,1,0,0.8587639927864075,0.8521296977996826
245,1,1,1,0,1,1,0,0,1,0,1,0,1,1,1,1,1,1,1,0,0,1,1,1,1,0,0.857399046421051,0.8527727127075195
246,1,1,0,0,1,1,1,1,1,0,0,1,1,1,0,1,1,0,1,0,0,0,1,1,1,0,0.819068193435669,0.8400026559829712
247,1,0,0,1,1,1,1,1,1,1,1,1,1,0,1,0,0,1,1,0,1,1,1,1,1,1,0.8192237615585327,0.8192237615585327
248,0,1,1,1,1,1,0,0,1,0,0,0,1,1,1,1,0,1,1,0,1,1,1,1,0,1,0.874663233757019,0.8864407539367676
249,1,1,0,1,1,1,0,0,1,0,0,1,1,0,1,1,1,1,1,1,1,0,0,1,0,1,0.8647570610046387,0.8594348430633545
250,0,1,1,1,1,1,1,1,1,0,1,0,1,1,0,1,1,0,1,0,1,1,1,1,0,1,0.8134444952011108,0.8149036169052124
251,1,1,0,1,1,1,1,1,1,0,0,1,1,0,1,0,1,1,1,0,0,0,0,1,1,1,0.839806079864502,0.8386072516441345
252,1,1,1,0,0,1,0,1,1,1,0,1,1,1,1,1,1,1,1,0,0,1,1,0,1,0,0.8485960960388184,0.8608992099761963
253,0,1,1,0,0,0,1,1,1,1,0,1,1,0,1,1,1,1,1,1,1,0,1,1,1,1,0.805309534072876,0.8318333029747009
254,1,1,1,1,1,1,0,0,1,0,0,1,0,1,0,0,1,1,1,0,1,1,0,0,1,1,0.8211033344268799,0.8412352204322815
255,0,1,1,0,1,1,1,1,1,0,0,0,1,1,1,0,1,1,1,1,1,1,1,1,0,0,0.8183006644248962,0.8213016390800476
256,0,1,1,1,1,1,1,1,1,0,1,0,0,0,1,1,1,0,1,1,1,1,1,1,1,1,0.7885702252388,0.780907928943634
257,1,0,1,0,0,1,1,1,1,0,0,1,0,1,1,1,1,1,1,0,1,1,1,1,1,0,0.7833760976791382,0.7612828016281128
258,1,1,1,0,1,1,1,0,1,1,1,1,0,0,1,0,1,1,0,0,1,1,1,0,1,1,0.8412905931472778,0.8344722986221313
259,1,1,1,1,1,0,1,0,1,0,0,1,1,1,1,0,1,0,1,0,0,1,1,1,1,0,0.8570799231529236,0.8699883222579956
260,1,1,1,1,1,1,1,1,1,0,1,1,1,1,1,1,1,0,0,1,1,1,1,1,1,1,0.7240800857543945,0.7363322377204895
261,1,1,0,1,1,1,0,0,1,1,1,1,0,0,1,1,1,0,1,1,1,0,0,1,0,0,0.8374317288398743,0.842193603515625
262,0,0,1,1,0,1,0,1,1,1,0,1,1,0,0,0,1,1,1,1,1,1,1,1,1,1,0.8440821170806885,0.8484423160552979
263,1,1,0,0,1,1,1,0,0,1,0,1,1,1,1,0,1,1,0,1,0,1,1,1,0,1,0.844021201133728,0.8510220050811768
264,1,1,1,0,1,1,1,1,1,1,1,1,1,0,0,0,1,1,1,1,1,1,1,0,1,0,0.7831449508666992,0.7727291584014893
265,1,1,1,0,0,0,0,0,1,0,1,1,1,0,1,1,0,1,1,1,0,0,1,1,1,0,0.8204187750816345,0.8123055100440979
266,1,1,1,1,1,0,0,1,1,0,1,1,1,0,1,1,1,0,0,1,1,1,1,0,1,0,0.8471684455871582,0.8471684455871582
267,1,1,1,0,0,0,0,1,1,0,0,0,0,1,0,1,1,1,1,1,1,1,1,1,1,1,0.8846522569656372,0.8542102575302124
268,0,1,1,0,0,1,1,1,1,1,0,0,1,1,1,0,1,0,0,0,1,1,1,1,1,0,0.8186565041542053,0.8253540992736816
269,0,0,0,1,1,0,1,0,0,1,0,1,0,1,0,1,0,1,0,0,1,1,1,1,0,0,0.8745205402374268,0.8859937191009521
270,1,0,1,1,0,0,0,0,0,1,1,1,0,1,1,0,1,1,0,1,1,1,1,1,1,1,0.8332085013389587,0.8392618298530579
271,1,1,1,1,1,1,1,0,0,1,0,0,1,1,0,0,1,1,1,0,0,1,0,1,1,0,0.8698681592941284,0.8680857419967651
272,1,0,0,1,1,1,1,0,0,1,0,1,1,0,1,1,1,0,1,0,1,0,1,1,0,1,0.8439505100250244,0.8628593683242798
273,0,1,1,1,1,1,1,0,1,1,0,0,0,0,1,1,1,1,1,0,1,1,1,0,0,0,0.867127537727356,0.8673381209373474
274,0,0,1,0,1,1,0,0,0,0,1,1,1,0,1,1,1,1,0,1,1,1,0,1,0,1,0.850368857383728,0.8556787967681885
275,0,1,1,1,1,1,0,0,0,0,1,1,1,1,1,0,1,1,1,1,1,0,1,1,1,1,0.8183758854866028,0.8279377222061157
276,1,1,1,0,0,1,0,0,0,0,0,0,1,0,0,0,1,0,0,0,1,1,0,0,0,1,0.8758928775787354,0.8664504885673523
277,1,1,1,0,0,1,1,1,0,0,1,0,0,1,1,0,1,0,1,1,1,1,1,1,0,1,0.7706183195114136,0.8445001840591431
278,1,1,1,1,0,1,1,1,1,1,0,0,0,1,1,0,1,0,1,1,0,0,1,1,1,1,0.7745418548583984,0.8144121766090393
279,0,1,1,0,1,1,1,1,1,0,0,0,1,1,0,1,1,1,1,1,0,1,1,0,1,1,0.864995002746582,0.8634237051010132
280,1,0,0,1,1,1,1,0,1,1,0,1,1,0,1,1,1,0,1,0,1,0,0,1,1,1,0.8506982326507568,0.8572767972946167
281,1,1,1,1,0,1,0,0,0,1,0,0,0,1,1,0,1,0,1,1,0,1,1,1,1,1,0.8562315702438354,0.8620215654373169
282,1,1,0,1,0,1,1,0,1,1,0,1,1,0,1,1,1,0,1,1,1,1,1,1,1,0,0.820137083530426,0.8167717456817627
283,1,1,1,0,1,1,0,1,1,1,1,1,1,0,1,1,0,0,1,0,1,0,1,1,1,0,0.8101499676704407,0.7943143248558044
284,1,0,1,1,1,1,1,0,1,1,0,0,1,1,1,1,1,0,1,0,1,0,1,1,1,0,0.8187454342842102,0.8793216943740845
285,1,1,0,1,0,1,0,1,1,0,0,0,0,0,1,0,0,1,1,1,1,1,1,1,0,1,0.8588104844093323,0.8808341026306152
286,1,1,1,1,1,1,1,0,1,1,1,1,0,0,0,1,0,0,1,0,1,0,1,1,1,0,0.8154215216636658,0.8307394981384277
287,0,1,1,0,1,1,1,0,1,1,0,1,1,1,1,0,1,0,1,1,1,1,0,0,1,1,0.8269766569137573,0.8104398250579834
288,0,0,1,1,1,1,0,1,1,0,1,1,0,1,1,1,1,1,1,0,0,1,1,1,0,1,0.8101882934570312,0.8232225179672241
289,1,1,1,0,1,1,0,0,1,0,0,0,1,1,1,1,1,0,1,1,0,1,0,1,1,0,0.8542895317077637,0.8828620910644531
290,1,0,1,0,1,1,0,0,0,0,0,0,0,1,0,1,0,1,1,1,1,0,1,0,1,1,0.848624587059021,0.8494491577148438
291,0,1,1,1,0,1,1,0,1,0,0,0,1,1,1,1,0,0,1,0,0,0,1,1,1,0,0.8692036867141724,0.8701038360595703
292,1,1,1,0,1,1,0,1,1,0,1,1,0,0,0,0,1,0,1,1,1,0,1,1,0,0,0.8348678350448608,0.8559427857398987
293,1,1,1,1,0,1,0,1,1,1,1,0,1,1,1,0,0,1,1,1,1,1,1,1,1,1,0.8035372495651245,0.7903372049331665
294,1,1,1,0,0,1,0,0,0,1,0,1,1,1,1,1,1,0,1,1,0,1,1,1,1,0,0.8425723314285278,0.8453067541122437
295,1,1,1,1,0,1,0,1,1,1,1,1,1,0,0,1,1,1,1,0,0,1,1,0,1,1,0.8298578262329102,0.8321466445922852
296,1,1,0,0,1,0,0,1,0,0,1,0,1,1,0,1,0,1,0,1,0,1,1,1,1,1,0.6756556630134583,0.6756556630134583
297,1,1,0,1,1,1,1,1,1,1,1,1,1,0,0,1,1,1,0,1,1,1,1,1,1,1,0.755302369594574,0.7656729221343994
298,0,1,1,1,1,1,0,0,1,0,1,1,1,0,1,1,1,0,0,1,1,0,1,1,1,1,0.848516047000885,0.8207882642745972
299,0,1,1,0,1,0,1,1,1,1,1,0,1,0,1,0,1,0,0,0,1,1,1,1,0,1,0.8349785804748535,0.8262439966201782
300,1,1,1,1,0,1,1,0,1,0,1,0,0,0,0,0,1,1,1,1,1,1,1,1,0,1,0.8542864918708801,0.8519805669784546
301,0,1,1,1,0,1,1,1,1,1,0,1,1,0,1,1,1,1,1,1,0,1,1,1,1,0,0.7600554823875427,0.7810144424438477
302,1,0,1,1,0,0,0,1,0,1,1,0,1,0,0,1,1,1,1,0,1,1,1,1,0,1,0.8246029615402222,0.8346177935600281
303,1,0,1,1,1,1,0,0,1,1,1,1,1,0,1,1,1,0,1,1,0,0,0,1,1,1,0.8256272077560425,0.8414325714111328
304,0,1,1,0,1,0,0,1,0,1,1,0,1,1,1,1,1,1,1,0,1,1,1,1,1,1,0.8471784591674805,0.8437299728393555
305,0,0,0,1,1,1,0,1,1,0,0,0,0,1,1,1,1,0,1,0,1,1,0,1,0,1,0.8691302537918091,0.8623467683792114
306,1,1,1,1,1,1,0,1,1,1,0,1,0,1,0,0,1,1,1,0,1,0,1,1,0,0,0.8280141949653625,0.8384958505630493
307,1,1,1,1,1,0,0,1,1,1,0,1,1,0,1,1,0,1,1,1,0,1,0,1,1,1,0.8293631672859192,0.8293848037719727
308,0,1,1,1,1,1,0,1,1,1,0,1,0,0,1,0,0,0,1,0,1,1,1,0,1,0,0.8640413880348206,0.8634909391403198
309,1,1,1,1,1,0,1,1,1,0,1,0,0,1,0,0,1,1,1,1,1,0,0,1,0,1,0.8464266061782837,0.852757453918457
310,1,1,1,0,0,1,1,1,1,0,1,1,1,1,1,0,1,0,1,0,1,1,1,1,0,0,0.8031042814254761,0.838928759098053
311,1,1,1,1,0,1,0,0,1,0,0,1,0,0,1,1,1,1,1,0,0,1,1,1,1,1,0.8889038562774658,0.8836879730224609
312,1,1,1,1,0,1,0,0,1,1,0,1,1,1,0,1,1,1,1,0,0,1,1,1,1,0,0.843244194984436,0.8499103784561157
313,1,1,1,1,1,0,1,0,1,1,0,0,1,0,1,1,1,0,0,1,1,1,1,1,1,1,0.8502762913703918,0.8438572287559509
314,1,1,1,0,1,0,1,0,1,1,0,1,0,1,0,1,0,1,1,1,1,1,0,1,1,1,0.8115005493164062,0.8146761059761047
315,0,1,1,0,1,1,0,1,1,1,0,1,1,1,0,1,1,1,1,1,1,0,1,1,1,1,0.8488692045211792,0.8197964429855347
316,1,1,1,1,1,0,0,0,1,0,0,1,1,0,1,0,1,0,1,0,0,1,1,1,0,1,0.8563004732131958,0.8563004732131958
317,0,1,1,0,1,1,0,1,1,1,0,0,1,0,1,0,0,1,0,1,1,1,0,0,0,1,0.8620762825012207,0.8509713411331177
318,0,1,1,1,1,1,0,1,1,1,0,1,1,1,1,1,1,0,1,1,0,1,1,1,0,0,0.8333317041397095,0.8408657312393188
319,0,1,1,1,1,1,1,0,1,0,0,1,0,0,0,1,1,1,1,0,1,1,0,1,1,0,0.8511291742324829,0.8282259702682495
320,1,1,1,1,1,0,0,1,1,0,1,1,1,0,1,1,0,1,1,1,0,1,1,1,1,1,0.7455772757530212,0.8306936025619507
321,1,1,1,1,1,1,1,0,1,0,0,0,1,0,1,0,1,0,1,0,0,0,1,1,1,1,0.8743457794189453,0.8743457794189453
322,1,1,1,1,1,0,0,1,0,0,0,0,0,0,1,1,0,1,1,1,1,1,0,1,1,1,0.8579833507537842,0.8543760776519775
323,1,0,1,1,0,1,1,0,1,1,1,1,1,1,1,0,1,0,1,1,0,1,1,1,0,1,0.8433340787887573,0.850761890411377
324,0,0,1,1,1,1,0,1,1,1,0,0,1,0,0,1,0,0,1,1,1,0,1,1,1,0,0.8546396493911743,0.8546396493911743
325,1,1,1,1,1,1,1,1,0,0,0,1,1,1,1,0,0,1,1,0,1,1,1,0,1,1,0.843994140625,0.8511195182800293
326,1,1,1,1,0,1,1,1,1,1,1,1,0,1,1,1,1,0,1,1,1,1,0,1,0,0,0.751282274723053,0.7480949759483337
327,1,1,1,1,0,1,1,0,1,1,1,0,0,1,0,1,1,0,1,1,1,1,0,1,1,0,0.8290538787841797,0.8514629602432251
328,1,1,1,1,0,0,1,1,1,1,1,1,1,0,1,0,1,1,1,0,1,1,1,1,0,1,0.8218088150024414,0.8156448602676392
329,1,1,1,0,1,1,1,1,1,0,0,1,1,1,1,0,1,0,1,0,1,1,1,1,1,1,0.8358913660049438,0.8349131345748901
330,1,1,1,1,1,1,1,1,1,1,0,1,1,0,1,1,1,1,1,1,1,0,1,1,0,0,0.7736941576004028,0.8093217611312866
331,1,1,1,1,1,0,0,1,1,0,1,1,0,0,1,1,1,0,1,0,0,0,1,0,1,1,0.8368504047393799,0.8368504047393799
332,0,1,1,1,0,1,1,0,1,1,1,1,0,0,0,1,1,1,1,1,1,1,0,0,0,0,0.78727126121521,0.7853281497955322
333,1,1,1,1,1,1,1,0,1,0,1,0,1,0,1,1,1,1,1,1,0,0,1,0,0,1,0.8524056673049927,0.8231103420257568
334,1,1,1,0,1,0,1,0,1,0,0,0,1,1,1,1,0,1,1,1,1,0,1,1,1,1,0.850368857383728,0.8742051720619202
335,1,1,1,0,1,0,0,1,1,1,0,1,1,1,1,0,1,1,1,0,1,1,1,0,1,0,0.8314299583435059,0.8280141949653625
336,0,0,0,0,0,0,1,1,0,0,1,0,0,0,0,0,1,0,1,0,1,0,1,0,0,1,0.8692036867141724,0.870612382888794
337,0,1,0,1,0,1,1,1,1,1,1,0,1,1,1,1,1,0,1,0,0,1,1,1,1,1,0.7848919630050659,0.7562035322189331
338,0,1,1,1,1,1,0,1,1,0,0,1,0,1,0,1,1,0,1,1,1,1,1,1,0,0,0.8149611949920654,0.8293890953063965
339,1,1,1,1,1,1,1,1,0,0,0,0,0,0,1,1,0,1,1,0,1,1,1,0,1,1,0.8113700151443481,0.8450850248336792
340,0,0,1,1,1,1,1,1,1,1,0,0,1,0,0,1,1,1,1,1,1,0,0,1,0,0,0.8549363613128662,0.8603305816650391
341,0,1,1,1,1,1,1,1,1,1,1,1,0,0,1,0,1,1,1,0,0,0,1,1,1,1,0.8163694739341736,0.8293858766555786
342,1,0,1,1,1,1,0,1,1,1,0,1,1,0,1,0,0,0,1,0,1,1,0,1,1,0,0.8613385558128357,0.8613385558128357
343,1,1,1,1,0,0,1,1,1,0,0,1,0,1,0,1,1,1,1,1,1,1,0,0,1,1,0.798382043838501,0.8415163159370422
344,1,0,1,1,0,0,0,0,1,0,0,0,1,0,1,0,1,0,1,0,1,1,1,0,0,1,0.8871341347694397,0.8818026781082153
345,1,1,1,1,1,0,1,1,1,1,0,0,1,1,1,0,1,1,0,1,1,1,1,1,0,1,0.832617998123169,0.8508659601211548
346,1,1,1,1,1,0,1,0,0,0,0,1,0,1,1,0,0,0,1,1,1,1,1,1,0,1,0.8122973442077637,0.8184024095535278
347,1,0,0,0,1,1,1,0,0,0,0,0,0,1,1,0,1,0,1,1,1,1,1,1,1,1,0.8166009187698364,0.8381071090698242
348,1,0,1,1,1,1,0,1,1,0,1,1,1,0,1,0,1,0,1,1,0,0,1,1,1,1,0.7851995229721069,0.8093700408935547
349,0,1,1,1,0,1,0,1,1,0,1,1,0,1,1,0,1,1,1,0,0,1,0,1,0,1,0.8265823721885681,0.8352383375167847
350,1,1,0,0,1,0,0,1,1,0,0,1,1,1,1,1,1,0,1,0,1,1,1,1,1,0,0.8307839632034302,0.868025541305542
351,1,1,1,1,1,1,1,1,0,1,0,0,1,0,1,0,1,0,1,1,1,0,1,1,0,0,0.8388046622276306,0.8482481241226196
352,1,0,1,1,1,1,0,1,0,0,0,1,0,1,0,0,1,1,1,1,1,0,0,1,1,1,0.8503268957138062,0.852273166179657
353,1,1,1,1,1,0,1,1,1,1,0,1,0,0,1,0,0,1,1,1,1,1,1,1,0,1,0.7790302038192749,0.7862279415130615
354,0,1,0,1,1,1,1,1,1,0,0,1,0,0,1,1,1,1,1,0,0,1,1,1,1,1,0.849907398223877,0.8680824041366577
355,0,1,1,1,1,0,0,0,1,0,1,0,0,1,0,1,1,1,1,0,1,0,1,1,1,1,0.8468180894851685,0.8414099812507629
356,0,1,1,1,1,0,0,1,1,0,0,0,1,1,1,0,0,1,1,0,1,1,0,1,0,1,0.8481118083000183,0.8481118083000183
357,0,1,1,1,1,0,1,1,1,0,1,0,1,0,0,1,1,0,1,1,1,1,1,1,1,0,0.859110951423645,0.8703724145889282
358,1,1,1,1,0,1,0,0,0,1,1,1,0,0,1,0,0,1,1,1,0,0,1,1,1,0,0.8525946140289307,0.8571683168411255
359,0,1,1,1,0,1,1,0,0,0,1,1,1,0,1,1,0,1,1,1,1,1,1,1,1,0,0.8225296139717102,0.8149036169052124
360,1,1,1,1,1,1,1,1,1,0,0,0,1,0,1,0,0,1,1,1,1,1,1,0,0,0,0.8496320247650146,0.8352401852607727
361,0,1,1,0,1,0,0,1,1,1,1,0,1,0,1,1,0,1,0,0,1,1,1,1,1,0,0.8347151875495911,0.8547884821891785
362,1,1,1,0,0,1,1,1,0,1,1,0,1,1,1,1,1,1,1,1,1,1,1,0,1,1,0.7481918334960938,0.7214375734329224
363,1,1,1,1,1,1,1,1,1,0,1,0,1,0,1,1,0,0,1,1,1,0,1,0,1,0,0.7929990887641907,0.7713983654975891
364,1,1,1,0,0,0,1,1,0,1,0,0,1,0,0,1,0,1,0,1,0,0,0,1,1,1,0.8112040162086487,0.8337675333023071
365,0,0,1,0,1,1,0,0,0,1,1,1,0,1,0,0,1,1,1,1,1,1,1,0,1,1,0.8321641683578491,0.8434098958969116
366,1,0,1,1,1,1,0,1,1,1,1,0,0,1,1,1,1,1,1,1,0,1,1,1,0,0,0.8379819393157959,0.8165154457092285
367,1,1,1,0,0,1,0,1,1,0,0,1,1,1,1,0,1,0,1,0,1,0,1,1,1,1,0.8178709149360657,0.8445001840591431
368,1,1,1,1,1,1,1,0,1,1,0,1,1,1,0,1,0,0,1,0,0,1,0,1,1,1,0.8360052108764648,0.8604899644851685
369,1,0,1,1,0,0,1,0,0,1,1,1,1,1,1,0,0,0,1,1,0,0,1,1,1,0,0.8452305793762207,0.847435712814331
370,1,1,1,1,1,1,0,0,1,0,0,0,1,0,0,1,1,1,1,1,1,1,0,0,0,1,0.8668980598449707,0.8668980598449707
371,1,1,1,1,1,1,0,1,1,0,0,1,1,0,0,1,1,0,0,0,0,1,1,1,0,0,0.8771264553070068,0.8655940294265747
372,0,1,1,0,1,0,0,1,1,1,1,1,1,0,0,1,1,0,1,1,1,1,0,1,1,0,0.8026252388954163,0.8415689468383789
373,0,0,0,1,1,1,1,0,1,1,1,1,1,0,1,0,1,1,0,0,1,1,1,0,0,0,0.8432842493057251,0.8464906811714172
374,1,1,1,1,1,1,1,1,1,0,0,1,1,0,1,0,1,1,1,0,1,1,1,1,1,0,0.822113037109375,0.8270770907402039
375,1,1,1,0,1,1,0,0,0,0,0,1,1,1,0,0,0,1,0,1,1,0,1,1,1,1,0.828278124332428,0.8565975427627563
376,1,1,1,1,0,1,1,1,1,0,0,0,1,1,0,1,0,0,1,1,1,0,1,1,1,0,0.8278881311416626,0.8054265975952148
377,1,1,1,1,1,1,1,1,1,1,1,1,0,1,1,0,1,1,1,0,1,1,1,1,1,0,0.7297359704971313,0.7344142198562622
378,1,1,1,1,1,0,0,1,1,0,0,0,1,0,1,1,1,1,1,1,1,1,1,1,0,1,0.8576952219009399,0.858383059501648
379,1,1,1,0,1,1,0,0,0,0,0,0,1,1,1,0,1,0,1,1,1,1,1,1,1,0,0.8179776668548584,0.8409371376037598
380,1,1,1,1,0,1,0,0,1,1,1,0,0,1,1,0,0,0,0,1,1,1,1,1,0,1,0.8444162607192993,0.7635074853897095
381,0,0,1,1,1,1,0,1,0,0,1,0,1,0,0,1,0,1,1,0,1,1,1,0,1,1,0.8353955149650574,0.7949122190475464
382,0,1,1,1,0,1,1,1,1,1,1,1,1,0,1,0,1,0,1,1,1,1,1,1,0,1,0.8115898966789246,0.8284333944320679
383,1,1,0,1,1,1,1,0,0,1,0,1,1,0,1,1,1,0,0,1,1,1,0,0,0,0,0.8480415940284729,0.8480415940284729
384,0,1,1,1,1,1,0,0,1,0,0,1,1,0,1,1,0,0,1,1,1,0,1,0,1,1,0.8339274525642395,0.8512666821479797
385,1,0,0,1,0,0,1,1,1,1,1,1,0,1,0,1,0,1,0,1,0,0,1,0,1,1,0.8251477479934692,0.8296859264373779
386,1,0,0,0,1,0,0,0,1,0,1,0,0,1,0,1,0,1,1,1,0,0,1,1,1,0,0.7927987575531006,0.8585792183876038
387,1,1,1,1,1,1,0,1,1,0,1,0,0,0,1,1,1,1,1,0,0,1,1,0,1,1,0.7854543924331665,0.8311458826065063
388,1,1,1,1,1,1,0,1,1,0,1,1,1,1,1,1,0,0,1,1,1,0,0,0,1,1,0.8323324918746948,0.8238612413406372
389,0,1,0,1,1,1,1,1,1,1,0,0,0,0,1,1,1,0,1,1,1,0,0,1,0,1,0.8486900329589844,0.8691489696502686
390,1,1,1,1,0,1,0,0,1,0,1,1,1,0,1,1,1,1,1,0,0,1,1,1,1,1,0.7250806093215942,0.8303345441818237
391,0,1,1,1,1,1,1,1,1,1,1,1,1,0,0,0,1,1,1,0,0,1,1,0,0,1,0.8142997026443481,0.7810746431350708
392,0,1,1,0,0,1,0,1,1,0,0,0,1,0,1,1,1,1,1,0,0,0,1,1,1,1,0.8721505403518677,0.8714838624000549
393,1,1,0,0,0,1,1,0,1,1,0,0,1,1,1,1,0,0,1,1,0,0,0,1,1,1,0.823416531085968,0.8556177616119385
394,1,1,1,1,0,0,0,1,1,1,0,0,0,1,1,1,1,0,1,1,0,1,1,1,1,0,0.8776074647903442,0.859110951423645
395,1,0,0,1,0,0,0,1,0,1,0,1,0,0,0,0,0,0,1,0,0,1,1,1,0,1,0.865717351436615,0.8726376295089722
396,0,1,1,1,1,1,1,1,1,1,0,0,1,1,0,1,0,0,1,1,1,0,1,1,1,0,0.8331044912338257,0.8227192163467407
397,1,1,1,1,0,1,0,1,0,0,0,1,1,1,1,1,0,1,0,1,1,0,1,1,1,1,0.8024966716766357,0.846964955329895
398,0,1,0,1,0,1,0,1,1,0,0,0,1,0,1,0,1,0,1,1,0,1,0,1,0,1,0.8559646606445312,0.8750438690185547
399,1,1,1,1,1,0,0,1,1,0,0,1,1,1,1,1,1,1,1,1,0,1,0,0,0,1,0.8039484024047852,0.8327101469039917
400,1,1,1,1,1,0,0,1,1,0,0,1,1,1,1,1,1,1,1,1,0,1,0,0,0,1,0.8039484024047852,0.8208961486816406
401,1,1,0,0,0,0,1,1,0,0,0,0,1,0,0,0,1,0,0,1,1,1,1,1,1,1,0.8666490316390991,0.869554340839386
402,0,1,1,1,1,1,1,0,0,1,0,1,1,1,1,1,1,0,1,1,1,1,1,1,1,0,0.7981759309768677,0.7649220824241638
403,1,1,1,0,1,1,0,0,0,0,0,1,1,1,0,0,1,0,1,1,1,0,1,1,0,1,0.7643576860427856,0.8258505463600159
404,1,1,1,0,0,0,1,1,1,0,0,0,1,1,1,0,0,1,1,1,1,1,1,1,1,0,0.8402427434921265,0.8423311114311218
405,1,1,1,1,1,1,0,1,1,0,0,0,0,1,1,0,1,1,1,0,1,1,1,1,1,1,0.8600022196769714,0.8647798299789429
406,1,1,1,1,1,1,0,1,1,1,0,1,1,0,1,0,1,1,1,1,1,1,0,1,1,1,0.8340640068054199,0.8391562700271606
407,1,0,0,1,1,1,0,0,1,1,0,1,0,0,0,1,1,1,1,1,1,0,1,1,1,1,0.8581912517547607,0.8578100204467773
408,1,1,1,1,1,1,1,0,0,0,0,1,0,1,1,1,1,0,0,1,1,1,1,1,1,1,0.8259212970733643,0.8436535596847534
409,1,1,0,1,1,1,1,1,1,0,0,1,1,0,1,0,0,1,1,1,1,0,1,1,0,1,0.8110885620117188,0.8391562700271606
410,0,1,1,1,0,1,0,1,1,1,1,1,1,1,0,1,0,1,1,1,0,0,1,1,1,1,0.7663811445236206,0.8140148520469666
411,1,0,1,1,0,0,1,0,1,1,1,0,1,1,1,0,1,0,1,0,0,0,0,1,1,1,0.853279709815979,0.8563681244850159
412,1,1,0,0,1,0,1,1,1,1,0,1,1,0,1,1,1,0,1,1,0,0,1,0,0,1,0.8543760776519775,0.8376017808914185
413,1,1,1,1,1,1,0,1,1,1,1,1,0,1,1,1,1,1,0,1,0,1,1,1,0,1,0.8107260465621948,0.8189324140548706
414,1,0,0,1,1,1,0,0,1,0,0,1,1,0,1,0,0,1,1,1,1,1,1,1,1,1,0.8029728531837463,0.854784369468689
415,1,1,1,0,1,0,1,1,1,0,1,1,0,0,1,1,1,1,1,0,1,0,1,0,0,1,0.839198112487793,0.8498152494430542
416,0,1,1,1,0,0,1,0,1,1,0,1,0,1,1,1,1,1,1,0,0,1,1,1,1,1,0.8137141466140747,0.8161786794662476
417,1,1,1,0,1,1,1,0,1,1,1,1,0,1,0,0,1,1,1,1,1,1,1,1,1,0,0.8396146297454834,0.8318893909454346
418,0,1,1,1,0,1,1,0,0,0,0,0,1,0,1,0,1,1,1,1,0,1,1,0,1,0,0.8539301753044128,0.856399655342102
419,1,1,1,1,0,1,0,1,0,1,0,1,0,0,1,1,0,1,1,1,1,0,1,1,1,0,0.7944238781929016,0.8424036502838135
420,1,1,1,1,1,1,1,1,1,1,0,1,1,1,0,1,1,1,0,0,1,0,1,1,1,1,0.7801381349563599,0.7855929732322693
421,1,1,1,1,1,0,0,0,0,1,1,1,0,0,1,1,1,0,1,1,0,1,1,1,1,1,0.8060997724533081,0.822445273399353
422,0,1,0,1,1,1,1,1,1,0,1,0,0,1,1,1,0,0,0,0,1,1,1,0,1,0,0.7666209936141968,0.7814188003540039
423,1,1,0,1,0,1,1,0,1,0,1,1,0,1,1,0,0,1,1,0,1,1,1,0,1,0,0.8368923664093018,0.8419414758682251
424,0,1,1,1,0,0,1,1,0,0,1,1,1,0,0,1,0,1,1,0,1,1,1,0,1,0,0.8343055248260498,0.8416296243667603
425,1,0,0,0,1,0,1,0,1,1,0,1,1,1,1,0,1,1,1,0,1,1,1,1,1,1,0.7890434265136719,0.8261438608169556
426,1,1,1,0,1,1,0,1,1,0,1,1,0,1,1,1,0,1,1,1,1,1,1,1,1,1,0.8268624544143677,0.811948299407959
427,1,1,1,1,1,1,0,0,1,1,0,1,0,0,1,0,1,0,1,0,1,0,0,1,0,1,0.8604656457901001,0.8381280899047852
428,1,1,1,0,1,0,0,0,1,1,0,1,1,0,1,0,1,1,1,1,1,1,0,0,1,0,0.8435328006744385,0.8541010618209839
429,1,1,1,0,0,1,0,1,0,0,0,1,1,1,1,1,0,0,0,0,0,1,0,1,1,0,0.8532334566116333,0.8801062107086182
430,1,1,0,1,0,1,1,1,1,0,1,1,0,1,1,0,1,1,1,0,0,1,1,1,1,1,0.812384307384491,0.812711238861084
431,1,0,1,1,1,1,1,0,1,0,0,0,0,0,1,0,0,0,1,1,0,1,1,1,1,1,0.8412556648254395,0.8415216207504272
432,0,0,0,0,0,1,0,0,1,1,1,0,1,1,0,1,0,1,0,0,1,1,0,0,1,1,0.8227777481079102,0.8420117497444153
433,1,1,1,0,1,1,1,1,1,0,0,1,1,0,1,0,1,0,1,0,1,1,1,1,1,1,0.8265155553817749,0.8340211510658264
434,0,1,1,1,1,0,0,0,1,1,0,0,1,0,0,0,1,1,1,1,0,1,0,1,0,1,0.85870361328125,0.8493204712867737
435,1,1,1,0,1,1,1,0,1,1,0,0,1,1,0,0,0,0,1,1,1,1,1,1,1,1,0.7953733205795288,0.8237514495849609
436,1,0,1,1,0,0,0,0,1,1,1,1,0,1,1,1,0,0,1,1,1,1,1,1,1,1,0.8429915904998779,0.8454839587211609
437,0,0,1,1,1,1,1,0,1,1,0,1,0,0,0,0,1,1,1,0,1,0,1,1,0,1,0.8573755025863647,0.846100926399231
438,0,0,1,1,1,1,0,0,0,0,1,1,1,1,1,1,1,0,1,1,1,0,1,1,1,1,0.8264366984367371,0.8228054642677307
439,0,0,1,1,1,1,1,1,1,0,1,1,0,1,1,0,0,0,0,0,1,1,1,1,0,0,0.8697432279586792,0.8559427857398987
440,1,1,0,1,1,0,1,1,1,0,0,1,1,1,0,1,1,0,1,0,0,1,1,0,0,1,0.8566681146621704,0.8415735960006714
441,1,1,1,1,0,1,0,0,0,1,0,1,1,1,0,0,1,0,1,1,0,0,1,1,0,0,0.8176583051681519,0.8440481424331665
442,1,1,1,0,0,1,1,1,1,1,0,1,1,0,1,0,0,1,0,1,0,0,0,1,1,1,0.8126676082611084,0.8285808563232422
443,1,1,1,1,1,0,0,1,1,1,0,1,0,1,0,1,1,0,1,1,1,1,0,1,1,1,0.8590996265411377,0.8476728200912476
444,1,1,1,1,0,1,0,1,1,0,0,1,1,1,1,1,0,0,1,1,1,1,1,0,0,1,0.7755227088928223,0.8353011608123779
445,1,1,1,0,1,1,1,1,1,0,0,1,0,0,0,0,0,0,1,1,1,1,1,1,1,0,0.8605313301086426,0.8601903319358826
446,1,1,1,0,1,0,0,1,1,0,1,0,1,1,0,0,0,1,1,1,0,1,1,1,0,0,0.8235263824462891,0.8464266061782837
447,1,1,1,1,0,1,0,0,1,1,0,1,1,0,1,1,0,1,1,0,1,0,1,0,1,0,0.8270604610443115,0.8587639927864075
448,1,1,1,0,1,1,1,1,0,1,1,1,0,0,0,0,1,1,0,0,1,1,0,1,0,1,0.8384020328521729,0.8384020328521729
449,1,1,1,1,0,1,1,0,1,0,1,0,1,0,0,1,1,1,1,0,0,0,1,1,1,1,0.854784369468689,0.8519282937049866
450,1,1,1,1,0,0,0,0,1,1,0,1,1,1,1,1,1,1,1,1,0,0,1,0,1,1,0.7768426537513733,0.780022382736206
451,0,1,1,1,1,1,0,1,1,1,0,1,1,1,1,0,1,1,1,0,1,0,1,0,1,1,0.8353955149650574,0.8240399956703186
452,1,1,0,1,0,1,1,1,1,1,0,1,1,1,0,0,0,1,1,0,1,1,0,1,1,0,0.820647120475769,0.8458874821662903
453,0,1,1,0,1,1,0,0,1,0,0,1,0,0,1,1,1,1,1,0,0,1,0,1,1,0,0.8506054878234863,0.8696137070655823
454,0,1,1,1,1,1,0,0,1,0,1,0,0,1,1,1,0,0,1,1,0,0,1,1,1,0,0.8675274848937988,0.8593452572822571
455,1,1,1,1,0,1,0,0,1,1,0,0,1,1,1,0,1,0,1,1,1,1,0,1,1,1,0.8393323421478271,0.8627386093139648
456,0,1,1,1,0,1,0,1,1,1,1,0,1,0,1,1,1,1,1,1,0,1,0,1,1,1,0.8463019132614136,0.8444918394088745
457,1,1,1,1,1,1,0,1,1,1,0,1,1,0,1,0,1,0,1,0,0,0,1,1,1,1,0.8117783665657043,0.8360052108764648
458,1,1,1,0,0,1,0,0,1,1,0,1,1,0,1,0,0,0,1,1,1,0,0,0,1,1,0.8439505100250244,0.8262499570846558
459,1,1,1,1,0,1,0,1,1,1,1,0,1,0,1,0,1,0,1,0,1,0,1,1,0,0,0.8396099805831909,0.8542895317077637
460,1,1,0,1,1,1,0,1,0,0,0,1,1,1,1,1,0,0,1,1,1,0,0,1,1,1,0.8692036867141724,0.8579423427581787
461,1,1,0,1,1,1,0,1,1,0,0,1,0,0,0,1,1,1,0,1,1,1,0,1,1,1,0.8590468168258667,0.8564343452453613
462,1,1,1,1,1,1,1,1,1,0,0,1,1,0,1,0,1,0,1,0,1,1,1,1,0,0,0.8477864265441895,0.8481793403625488
463,0,1,1,1,1,1,0,1,0,0,1,0,0,0,0,1,0,1,1,1,1,1,0,1,1,0,0.7738548517227173,0.8384020328521729
464,0,1,1,1,1,1,0,1,1,0,0,1,1,0,0,1,1,0,1,1,1,0,0,1,0,1,0.8589374423027039,0.8728382587432861
465,0,1,1,1,1,1,0,1,1,0,1,0,0,1,1,1,1,1,1,0,1,1,1,1,1,0,0.8412729501724243,0.8445727825164795
466,0,1,1,1,0,1,1,1,0,0,0,0,1,1,1,1,0,1,1,0,1,1,1,1,0,0,0.8733029365539551,0.8283542394638062
467,1,1,1,1,1,1,1,1,0,1,1,1,1,0,1,0,1,1,0,1,1,1,1,0,0,0,0.8128951787948608,0.8142997026443481
468,1,0,1,0,1,0,0,0,0,1,1,1,1,1,1,0,0,1,1,0,1,1,1,1,1,1,0.8338008522987366,0.8317102789878845
469,1,0,0,1,0,1,1,0,0,0,0,0,1,1,0,1,1,0,0,0,1,1,0,0,1,1,0.8262920379638672,0.8974137306213379
470,1,1,1,0,1,1,1,1,1,1,0,0,1,0,1,0,1,1,0,1,1,0,1,1,1,0,0.8344283103942871,0.8344283103942871
471,0,1,0,1,0,1,0,1,1,1,0,1,0,1,1,1,1,1,0,0,0,1,1,1,0,0,0.7737687826156616,0.8261923789978027
472,0,1,1,1,0,0,1,1,1,0,1,0,0,0,1,0,1,0,1,1,1,1,1,1,1,0,0.8380617499351501,0.8472639322280884
473,1,1,1,1,1,1,1,0,1,0,1,0,0,1,1,0,0,0,1,0,0,1,1,1,1,0,0.8786205053329468,0.8786205053329468
474,0,1,1,1,0,1,1,1,1,1,0,0,0,1,1,1,0,1,1,0,1,1,1,1,1,1,0.7800775766372681,0.7731165885925293
475,1,1,1,1,0,1,0,1,1,1,0,1,0,1,1,0,1,0,0,1,1,1,1,0,1,1,0.8323891162872314,0.837633490562439
476,1,1,1,1,1,1,0,0,0,1,1,1,0,1,0,1,1,0,1,1,1,1,1,1,1,0,0.8398617506027222,0.8077296614646912
477,0,1,1,1,0,1,0,1,1,0,1,0,1,0,1,1,0,0,0,1,1,1,0,1,0,1,0.8560169339179993,0.8597726821899414
478,0,1,0,0,1,0,1,1,1,0,1,1,0,0,1,0,1,0,1,0,0,1,0,1,1,0,0.8502603769302368,0.8494676351547241
479,0,1,1,0,1,1,1,1,1,1,0,1,1,0,1,1,0,1,1,1,0,0,0,1,1,1,0.7460933923721313,0.7996089458465576
480,1,1,1,0,1,1,1,1,1,0,0,1,0,0,1,0,0,1,1,1,0,1,1,1,1,0,0.8141533136367798,0.851587176322937
481,0,1,0,0,1,1,0,0,1,0,1,1,0,0,1,0,1,0,1,0,0,0,0,1,0,0,0.8704227209091187,0.8657665848731995
482,0,1,0,0,1,1,0,1,1,0,0,0,0,0,1,1,0,0,0,0,0,0,0,0,0,0,0.8748606443405151,0.9236658811569214
483,1,0,1,0,0,1,0,1,1,0,0,0,0,1,1,1,1,0,1,1,1,1,1,1,1,0,0.8097305297851562,0.8219935894012451
484,1,0,0,1,0,0,1,1,0,0,0,0,1,1,0,0,1,0,0,1,0,0,1,1,1,1,0.8322293758392334,0.8444162607192993
485,1,1,0,0,0,1,1,1,1,0,0,1,0,1,0,1,0,1,0,1,1,0,1,1,0,1,0.8449552059173584,0.8220540881156921
486,1,0,1,1,1,1,0,1,1,1,1,1,0,1,1,0,0,0,1,1,1,1,1,1,1,1,0.8432193994522095,0.8432193994522095
487,1,1,1,0,0,1,0,0,1,0,0,0,1,1,1,1,0,0,1,1,0,1,1,0,1,1,0.8423361778259277,0.8630313873291016
488,0,1,1,0,1,1,0,1,1,1,1,1,1,0,0,0,0,0,1,1,1,1,1,1,1,0,0.8372365236282349,0.8372365236282349
489,0,1,1,1,1,1,1,1,1,1,0,1,1,0,1,1,1,0,1,0,0,0,1,0,1,0,0.8101586699485779,0.8318374156951904
490,1,1,1,1,1,1,0,1,1,0,0,1,0,0,0,1,1,0,1,0,1,1,0,1,0,1,0.8944739103317261,0.8722912669181824
491,0,0,1,1,0,1,0,0,1,0,1,1,1,1,1,1,1,1,1,1,1,1,0,1,1,0,0.7755521535873413,0.7755521535873413
492,0,1,1,0,0,0,0,1,1,1,0,1,0,1,1,0,1,1,1,0,1,0,1,1,1,1,0.8427259922027588,0.840072512626648
493,1,1,1,1,1,0,0,0,1,0,0,1,0,0,0,0,1,0,0,1,1,1,1,1,1,1,0.8443653583526611,0.831466555595398
494,0,1,1,1,1,1,0,1,1,0,0,0,1,0,0,1,1,1,1,1,1,0,1,0,1,1,0.8817563056945801,0.8774569034576416
495,1,1,1,1,0,1,0,0,1,1,1,1,0,0,1,0,1,0,1,1,1,0,1,0,0,0,0.8350649476051331,0.8434098958969116
496,1,1,1,1,0,0,0,1,1,0,1,0,1,1,0,1,1,1,1,1,1,1,0,1,0,0,0.8128054738044739,0.8280186653137207
497,1,1,1,1,1,1,0,1,1,0,0,1,0,0,1,0,1,0,0,1,0,1,1,0,1,1,0.8536213636398315,0.8598410487174988
498,1,1,0,1,1,0,1,1,1,0,1,0,0,0,1,1,1,0,1,0,1,1,1,1,1,0,0.8206394910812378,0.8279814720153809
499,1,1,1,0,1,1,0,1,1,1,0,0,1,1,1,1,1,0,1,1,0,0,1,1,1,0,0.8365380764007568,0.845268726348877
500,1,1,0,1,0,1,1,0,1,1,1,1,0,1,0,1,1,0,0,1,1,0,1,1,1,1,0.8323901891708374,0.8268905878067017
501,0,1,1,0,0,0,0,0,1,0,1,0,0,0,0,1,0,1,1,0,1,0,0,0,1,0,0.8657665848731995,0.8630685806274414
502,1,0,1,1,1,1,0,1,1,1,0,1,0,0,1,1,1,1,1,1,1,1,1,1,0,1,0.7687564492225647,0.8139137029647827
503,0,0,1,0,0,0,0,0,0,0,1,1,1,1,0,0,1,0,0,0,0,1,0,1,1,1,0.8788503408432007,0.8764444589614868
504,1,1,1,1,0,1,1,1,1,1,0,1,0,1,1,0,0,1,1,1,0,1,1,1,1,1,0.8228137493133545,0.8159672021865845
505,1,1,1,1,1,0,0,0,1,1,0,0,0,0,0,0,1,1,0,1,1,0,1,1,1,1,0.8624151945114136,0.8805975914001465
506,1,1,1,0,1,1,0,1,1,1,0,1,0,1,1,1,1,1,1,1,1,1,1,0,1,1,0.829487681388855,0.816849946975708
507,1,1,0,0,1,1,1,1,1,0,1,1,1,1,0,1,1,0,1,1,1,1,1,0,0,1,0.8113739490509033,0.8196358680725098
508,1,1,1,1,1,1,1,0,1,1,0,0,1,0,1,0,1,1,1,0,1,1,1,1,1,1,0.8436446189880371,0.8086912631988525
509,1,1,1,1,1,1,0,1,1,0,0,0,0,1,1,1,1,1,1,1,1,1,1,0,1,1,0.8397209644317627,0.8488487005233765
510,1,0,1,1,1,1,1,1,1,1,0,1,1,1,0,0,0,1,1,1,1,1,1,1,1,1,0.8284803628921509,0.8137141466140747
511,1,1,1,0,0,1,0,1,1,1,0,1,1,0,1,0,0,1,1,0,1,1,1,0,1,1,0.8585151433944702,0.8528491258621216
512,1,1,1,0,1,1,1,1,1,0,0,1,0,0,1,0,1,1,1,0,1,1,1,0,1,0,0.8417967557907104,0.8367112278938293
513,1,1,1,0,1,0,0,0,1,0,0,1,1,1,1,0,1,0,1,1,1,1,1,0,1,0,0.8432384133338928,0.8532112836837769
514,1,1,1,1,0,1,0,1,1,1,0,0,1,0,1,0,1,1,1,0,1,1,1,1,1,0,0.8555554747581482,0.8540041446685791
515,1,1,1,0,1,1,0,1,0,0,0,0,1,0,1,1,1,0,1,1,1,0,0,1,1,1,0.8849353194236755,0.8742605447769165
516,1,1,1,1,0,0,1,0,1,1,0,1,0,0,1,0,1,1,1,0,0,1,1,1,0,0,0.8568629622459412,0.8458179235458374
517,1,0,1,1,0,0,0,1,1,1,0,1,1,0,1,1,1,1,1,1,0,0,0,1,0,0,0.8347102403640747,0.8481806516647339
518,1,1,1,1,1,1,0,1,1,1,1,1,1,1,1,1,0,1,0,1,1,0,0,0,0,0,0.7681441307067871,0.766692042350769
519,0,1,1,0,1,0,1,1,0,1,0,1,0,0,0,0,1,1,1,1,1,0,1,0,1,1,0.8189197182655334,0.8243008852005005
520,0,1,1,1,1,1,0,0,1,1,0,1,1,1,1,0,1,1,0,1,1,0,1,0,1,1,0.8281443119049072,0.8328366279602051
521,1,1,1,1,0,1,0,1,1,0,0,1,1,1,0,0,1,1,1,1,1,1,1,1,0,0,0.839198112487793,0.8404510021209717
522,1,1,0,1,1,1,0,0,1,1,0,1,0,1,1,1,0,1,1,0,0,0,1,1,1,1,0.8557904958724976,0.8648784160614014
523,1,1,1,1,0,1,0,1,1,1,0,1,0,1,1,1,0,0,1,1,1,1,1,1,1,1,0.8552933931350708,0.8502603769302368
524,1,0,1,0,1,1,1,1,1,1,0,1,0,0,1,1,0,1,1,1,1,1,0,1,1,1,0.7559226751327515,0.7614381909370422
525,1,1,0,1,1,1,0,1,1,1,0,0,1,0,1,1,1,1,0,1,1,1,1,0,0,0,0.8159551620483398,0.8264138698577881
526,1,1,1,1,0,1,0,1,0,1,1,0,0,1,1,1,0,0,0,1,0,1,1,1,0,1,0.8480952978134155,0.8599466681480408
527,1,0,1,1,1,1,0,1,1,0,1,0,0,1,1,1,1,0,1,1,0,1,0,1,1,1,0.7939678430557251,0.7779664993286133
528,1,0,1,0,0,0,0,1,1,1,0,1,1,0,1,1,1,0,0,1,1,1,0,1,1,0,0.8639850616455078,0.8723441958427429
529,1,1,1,0,0,1,0,0,0,1,1,1,0,1,0,1,0,0,0,1,0,1,1,1,0,1,0.8252735733985901,0.8568738698959351
530,1,1,1,1,1,1,0,1,1,1,1,1,0,0,1,0,1,1,1,1,0,1,1,1,1,0,0.8450956344604492,0.8450956344604492
531,1,1,1,1,0,0,0,0,1,1,0,1,1,1,1,1,0,1,1,0,1,1,0,0,1,1,0.8354743719100952,0.8354743719100952
532,1,1,1,0,0,1,0,1,1,0,0,1,1,1,1,0,0,0,1,1,0,0,1,1,1,1,0.8518747091293335,0.8576109409332275
533,0,1,1,0,1,1,1,1,1,0,0,1,1,0,1,0,0,1,1,1,0,0,1,0,0,0,0.8496320247650146,0.8761723041534424
534,0,1,1,1,1,0,1,1,1,1,0,1,0,0,1,1,1,1,1,0,0,1,1,0,1,1,0.8323997259140015,0.8323997259140015
535,1,0,1,1,0,1,0,1,0,1,1,0,0,0,0,1,1,1,0,0,1,0,1,1,0,1,0.8098149299621582,0.8674838542938232
536,1,1,0,1,0,1,1,1,1,1,0,0,1,1,1,1,1,1,1,0,0,1,1,0,0,1,0.7594020366668701,0.754330575466156
537,1,1,1,1,1,1,0,1,1,0,1,0,1,1,0,1,1,0,1,1,1,1,1,1,0,0,0.8456809520721436,0.8356881141662598
538,1,0,1,1,0,1,0,1,0,0,0,1,1,1,1,1,1,1,1,0,1,1,1,0,1,1,0.7746351957321167,0.7666367292404175
539,1,1,0,1,0,0,1,0,1,1,1,1,0,1,0,0,0,0,0,0,1,0,0,0,1,1,0.8500615954399109,0.8428115844726562
540,1,1,1,1,1,1,0,1,1,1,0,1,0,0,1,0,1,1,1,1,1,0,1,1,1,0,0.8597102761268616,0.8725915551185608
541,1,1,1,1,0,1,0,0,1,1,1,1,1,1,1,1,0,0,1,1,1,1,1,1,1,1,0.8341727256774902,0.8287639617919922
542,1,1,1,1,0,1,1,1,1,1,1,0,1,1,0,1,1,1,1,0,1,0,1,1,0,1,0.8217209577560425,0.8169118165969849
543,1,1,0,1,0,1,0,1,0,1,0,1,0,0,0,1,0,1,1,1,1,0,1,1,0,0,0.8448072075843811,0.8761723041534424
544,1,1,1,1,0,0,1,1,1,1,0,0,0,1,0,1,1,1,1,0,1,1,1,1,0,1,0.8577252626419067,0.8578142523765564
545,1,1,1,1,0,1,0,1,1,0,0,0,1,1,1,1,0,1,1,1,1,1,0,1,1,0,0.8502874374389648,0.8539991974830627
546,0,1,1,0,0,1,0,1,1,1,0,0,1,1,0,1,0,0,1,1,1,1,1,1,0,1,0.8626129627227783,0.8242429494857788
547,1,0,1,0,1,1,0,0,1,1,1,0,1,1,1,0,1,0,1,1,1,1,1,1,1,1,0.8001704216003418,0.8454839587211609
548,1,1,1,1,1,1,0,0,1,0,0,1,0,0,1,0,0,1,1,0,1,1,1,0,1,1,0.8382161855697632,0.8430818319320679
549,1,1,1,1,0,1,0,0,1,1,0,0,0,0,1,1,1,1,0,1,0,1,1,1,1,0,0.8541479706764221,0.8559287190437317
550,1,1,1,0,1,1,0,0,1,0,0,1,0,0,1,0,0,1,1,0,1,1,1,1,1,0,0.8736040592193604,0.8771992325782776
551,0,1,1,1,1,1,0,1,1,1,0,0,1,0,0,0,1,1,1,0,0,1,1,1,1,1,0.867287278175354,0.857367753982544
552,1,0,1,1,1,1,0,1,1,0,1,1,1,1,0,0,0,1,1,1,1,0,0,1,0,1,0.8276200294494629,0.8448660373687744
553,1,1,0,1,1,1,1,0,1,0,0,1,1,1,1,0,1,0,1,1,0,1,1,1,1,1,0.8513653874397278,0.8479700088500977
554,1,1,1,1,1,1,1,1,1,0,0,1,0,0,1,1,1,1,1,0,0,1,1,0,0,0,0.867127537727356,0.8500615954399109
555,0,1,1,1,1,0,1,1,0,1,1,1,0,0,0,1,1,1,1,1,1,1,0,1,1,0,0.8326201438903809,0.8279763460159302
556,0,1,1,0,0,1,1,0,0,1,1,0,0,0,0,0,0,0,1,0,1,1,1,1,1,1,0.8397891521453857,0.8219935894012451
557,1,1,1,1,0,1,1,0,1,1,0,0,1,1,0,1,1,1,1,0,1,0,1,0,1,1,0.8538367748260498,0.7776113152503967
558,1,0,1,1,0,1,0,0,1,1,0,1,1,1,1,1,1,0,1,0,0,1,1,1,1,1,0.8442174792289734,0.8515297174453735
559,1,1,1,1,0,1,0,1,1,1,1,0,0,1,1,1,1,0,0,1,0,0,1,1,1,1,0.855910062789917,0.8497473001480103
560,1,1,0,1,1,1,1,1,1,0,0,0,1,0,1,0,0,0,1,1,1,1,0,1,1,1,0.8309314250946045,0.8236708045005798
561,1,1,1,1,0,1,1,0,1,0,0,1,0,1,1,1,0,1,0,1,1,0,1,1,0,1,0.8172711133956909,0.8470363020896912
562,0,1,1,0,1,1,1,0,1,1,0,0,1,0,1,0,0,0,1,0,1,0,1,0,1,0,0.8544198274612427,0.8636218309402466
563,0,1,1,0,1,1,0,1,1,0,0,1,1,1,1,1,1,1,1,0,0,1,1,1,0,0,0.8227448463439941,0.8455833792686462
564,1,1,0,1,0,1,1,0,0,0,1,1,0,1,0,0,1,1,1,1,1,0,1,1,1,1,0.8390794396400452,0.8085910081863403
565,1,1,1,1,1,1,0,1,1,0,1,1,1,1,0,1,1,1,1,1,1,1,0,1,0,0,0.778029203414917,0.808765709400177
566,1,1,1,1,1,1,1,0,1,0,1,0,1,0,1,0,1,1,0,0,1,0,1,0,1,0,0.8516579866409302,0.846174955368042
567,0,1,1,1,0,1,0,1,0,1,0,0,0,1,1,1,1,1,1,1,1,1,1,1,0,1,0.7336227297782898,0.8522672653198242
568,1,1,1,1,0,1,1,1,1,1,1,1,1,1,0,1,1,0,0,0,0,0,1,0,1,0,0.8294347524642944,0.8205116987228394
569,1,1,0,1,1,1,1,1,1,1,1,1,1,1,0,0,1,0,1,0,1,1,1,1,0,0,0.7993520498275757,0.7993520498275757
570,0,1,1,1,0,1,0,0,1,1,0,1,0,1,1,1,1,0,1,1,1,1,1,0,1,0,0.8277127742767334,0.8472421765327454
571,1,1,1,1,0,1,0,1,1,1,0,0,1,1,1,1,0,1,1,1,0,1,1,0,0,1,0.8564825057983398,0.8493204712867737
572,0,1,1,0,1,1,1,1,0,0,0,0,1,0,0,0,0,0,0,0,1,1,1,0,1,0,0.8700466752052307,0.8626764416694641
573,1,0,1,1,1,1,1,1,1,0,0,1,1,0,1,1,0,1,1,0,1,1,0,1,1,1,0.8519920706748962,0.8643538951873779
574,1,1,1,0,0,1,0,1,1,0,1,0,0,0,1,1,1,0,1,0,1,0,1,0,1,0,0.8626129627227783,0.8599705100059509
575,1,1,1,1,0,0,1,1,1,1,0,0,1,0,1,0,1,0,1,1,0,0,0,1,1,0,0.8689184188842773,0.8689184188842773
576,1,1,1,0,0,1,0,1,1,0,1,1,1,0,1,1,0,0,1,1,0,1,1,0,0,1,0.8314299583435059,0.8228054642677307
577,1,1,1,1,1,1,0,1,1,1,1,1,1,1,1,1,1,1,1,1,0,0,1,1,1,1,0.7547217607498169,0.7547217607498169
578,1,1,1,1,0,1,1,0,0,0,1,1,1,0,0,0,0,1,1,1,1,1,1,1,1,0,0.8243995904922485,0.8373126983642578
579,1,1,1,1,0,0,0,1,1,0,0,0,1,0,1,1,1,1,0,1,1,0,0,0,0,0,0.8901394605636597,0.8727692365646362
580,1,1,1,1,1,0,0,1,1,1,0,1,1,0,1,1,1,1,0,1,1,1,0,1,1,1,0.849010705947876,0.861268937587738
581,0,1,1,0,0,1,0,0,1,1,0,1,1,1,1,1,0,1,1,0,1,0,1,1,0,1,0.8335239887237549,0.8534126877784729
582,0,1,1,1,1,0,1,1,1,0,0,0,0,0,1,0,0,1,0,0,1,1,1,1,1,1,0.8694109916687012,0.8675750494003296
583,1,0,1,1,1,1,0,1,1,0,1,1,1,1,0,0,1,1,1,1,1,1,1,1,1,1,0.811742901802063,0.7914344072341919
584,0,0,0,1,1,1,0,0,0,1,0,0,1,1,1,1,1,0,1,1,0,1,0,1,1,1,0.8534587621688843,0.8729003667831421
585,1,1,1,1,1,1,1,1,1,1,0,1,1,1,0,0,1,1,0,0,0,1,1,0,0,0,0.8356881141662598,0.8300269842147827
586,1,1,0,0,1,1,0,1,1,0,0,1,0,1,1,1,1,1,1,1,1,1,1,1,0,1,0.826817512512207,0.826817512512207
587,1,0,1,1,1,1,0,0,1,1,0,1,1,1,1,1,0,1,1,1,1,1,1,1,1,0,0.8045291900634766,0.8039571046829224
588,1,0,1,0,1,1,0,1,1,1,0,1,0,1,0,0,1,0,1,1,1,1,1,1,0,0,0.8460882306098938,0.8422785997390747
589,0,1,1,0,1,0,0,1,1,0,0,0,1,0,1,0,0,0,1,1,1,1,0,1,1,1,0.8742605447769165,0.8679081201553345
590,1,0,1,1,1,1,0,0,1,1,0,0,0,0,1,1,1,1,1,1,1,1,0,1,0,1,0.8662762641906738,0.8571683168411255
591,1,1,1,1,0,1,0,0,1,1,0,1,0,0,1,1,0,0,0,1,0,0,1,0,1,1,0.8614739179611206,0.836182713508606
592,1,1,1,1,1,1,0,1,0,1,0,1,0,1,0,0,0,1,1,1,1,1,1,0,1,1,0.8402674198150635,0.840407133102417
593,1,1,0,1,1,1,0,1,1,0,1,1,0,1,0,1,1,1,1,0,1,1,1,1,0,1,0.839985191822052,0.82932448387146
594,1,1,1,0,0,1,0,1,1,0,0,1,0,1,0,1,0,1,1,1,1,1,1,1,0,1,0.8482481241226196,0.8482481241226196
595,1,1,1,1,0,1,0,0,1,1,0,0,0,1,1,1,1,0,1,1,0,1,1,1,0,1,0.8593908548355103,0.8589832782745361
596,1,1,1,1,1,1,0,1,1,1,1,1,0,0,1,0,0,0,1,1,0,1,0,1,1,0,0.8470916748046875,0.8511291742324829
597,1,1,1,1,0,0,1,0,1,0,0,1,0,0,1,1,1,0,1,0,1,1,1,1,1,0,0.8460882306098938,0.8725442886352539
598,1,1,1,1,0,1,0,1,1,1,1,1,1,0,0,1,0,0,1,1,0,1,1,1,0,1,0.8371316194534302,0.8505252599716187
599,1,1,1,0,0,0,0,1,1,1,1,1,0,1,0,1,1,1,1,1,1,1,1,1,1,1,0.816849946975708,0.8153307437896729
600,1,1,0,1,1,1,1,1,1,0,0,0,1,0,1,0,0,1,1,1,1,0,1,1,0,1,0.8455833792686462,0.8494390845298767
601,1,0,1,1,0,1,0,1,0,0,1,0,1,0,1,1,1,1,1,1,1,1,1,1,0,0,0.8410745859146118,0.8517672419548035
602,1,0,1,0,0,1,0,1,1,0,1,1,1,1,1,1,1,1,1,1,1,0,1,1,1,1,0.7953317165374756,0.7528600692749023
603,1,1,1,1,0,0,1,1,0,1,0,1,0,0,1,1,1,1,0,1,0,1,0,1,1,0,0.7686381340026855,0.7974640727043152
604,0,1,1,1,1,1,1,0,1,1,0,0,0,1,0,0,1,1,1,1,0,1,1,1,0,1,0.8611196279525757,0.8580896854400635
605,1,1,1,1,1,1,0,0,0,0,1,1,0,1,0,1,0,1,1,1,1,1,1,1,0,0,0.7798922061920166,0.8444193601608276
606,0,1,1,1,1,0,0,0,1,0,0,0,0,1,0,1,0,1,1,1,0,1,1,1,0,0,0.8396685123443604,0.8469839692115784
607,0,1,0,1,1,1,1,0,0,1,1,0,0,0,0,1,1,1,1,1,1,0,1,0,1,1,0.777186930179596,0.8221242427825928
608,1,1,1,1,0,1,1,1,0,1,1,1,0,1,0,1,1,0,1,1,1,0,0,1,1,1,0.7975025773048401,0.8098236918449402
609,1,1,1,1,1,0,0,0,1,1,1,1,1,0,0,0,1,1,1,1,0,1,0,1,0,1,0.8133605122566223,0.8349815011024475
610,1,1,1,0,1,1,0,1,1,0,0,1,1,0,1,1,1,0,1,0,0,0,1,1,1,0,0.8699231147766113,0.8761723041534424
611,1,1,1,1,1,1,1,1,1,1,0,0,1,1,0,1,1,1,1,0,0,1,1,1,0,1,0.7849960327148438,0.7734105587005615
612,1,1,1,1,0,1,1,1,1,0,1,1,0,0,1,0,1,1,1,1,1,1,1,1,0,0,0.8070282936096191,0.8276810646057129
613,1,1,1,0,1,1,0,0,1,1,0,0,0,0,1,1,1,1,1,1,1,1,1,0,1,1,0.7919884324073792,0.8233025670051575
614,1,1,1,1,1,1,1,1,1,0,1,1,0,0,1,1,1,0,1,1,1,0,0,1,1,1,0.7827180027961731,0.8242281675338745
615,0,1,1,1,1,1,0,0,1,0,0,0,1,0,0,1,0,0,1,0,1,1,1,1,1,1,0.8214831352233887,0.8655750751495361
616,1,1,1,0,0,1,0,0,1,0,0,1,0,1,0,0,1,0,1,1,0,1,1,0,1,1,0.8659471273422241,0.8574948906898499
617,1,0,1,1,1,1,0,0,0,0,1,0,1,1,1,1,1,0,1,0,1,0,1,0,0,0,0.8166685104370117,0.853946328163147
618,1,1,1,1,0,1,0,0,0,1,0,1,1,0,1,1,1,0,1,1,0,1,1,1,0,1,0.8372321128845215,0.869928777217865
619,0,1,1,1,1,0,1,0,0,0,1,0,1,1,1,0,0,1,0,0,1,1,1,1,1,1,0.8245341777801514,0.862282931804657
620,0,1,1,1,1,1,1,1,1,1,0,0,1,1,1,1,1,1,1,1,1,0,0,1,0,1,0.7047914862632751,0.7353754043579102
621,1,1,1,1,1,1,1,1,1,0,0,1,0,0,0,1,0,1,1,1,1,1,1,1,1,1,0.782089352607727,0.7779448628425598
622,1,1,0,0,0,0,0,0,1,1,1,1,1,1,0,1,1,1,1,0,1,1,1,1,0,1,0.8235840201377869,0.8327101469039917
623,0,1,1,1,1,1,0,1,0,1,0,1,1,1,0,1,0,1,1,1,1,1,1,1,1,1,0.8083526492118835,0.8540582060813904
624,1,1,1,1,1,0,0,1,0,0,1,1,1,1,0,1,1,1,1,1,1,0,1,1,1,0,0.8482481241226196,0.8358778357505798
625,0,1,0,0,0,1,1,1,0,0,0,1,0,0,0,1,0,0,1,1,0,0,1,0,1,0,0.8542864918708801,0.8550831079483032
626,1,0,1,1,1,1,1,1,1,1,0,0,1,1,1,0,1,1,1,1,0,1,0,1,0,1,0.7902927398681641,0.805458664894104
627,1,1,1,1,0,1,0,1,1,0,0,0,1,0,1,1,1,0,1,1,1,1,1,1,1,1,0.854076623916626,0.8848450183868408
628,1,1,1,1,1,0,0,0,1,0,0,1,1,1,1,0,1,1,1,1,0,1,1,1,1,0,0.7982673645019531,0.8594576120376587
629,1,0,1,0,1,1,1,1,0,0,0,1,1,0,1,1,1,0,1,1,1,1,1,1,1,0,0.8257149457931519,0.7990148663520813
630,0,1,1,1,1,0,0,0,1,1,0,0,0,0,1,1,1,1,1,1,1,0,1,0,1,1,0.8416380882263184,0.8647570610046387
631,1,1,1,1,1,1,0,0,1,0,1,0,1,1,0,0,1,0,1,1,1,1,1,0,1,0,0.8354281187057495,0.8390300869941711
632,1,1,1,1,1,1,0,1,1,1,0,0,0,0,1,0,1,0,1,1,1,1,1,0,0,1,0.8321343064308167,0.8266568183898926
633,1,1,1,0,1,1,1,0,1,0,1,0,1,0,0,0,0,0,1,1,1,1,1,1,1,1,0.8375246524810791,0.8563004732131958
634,1,1,1,1,0,1,0,0,0,0,1,1,1,1,1,1,1,1,1,1,1,0,0,1,1,0,0.8386072516441345,0.8332366943359375
635,0,1,0,1,1,0,0,1,1,0,0,1,1,1,1,0,0,1,1,1,1,1,0,1,1,0,0.8353151082992554,0.8353151082992554
636,0,1,1,1,1,1,0,1,1,0,1,0,1,0,0,1,0,1,1,1,1,1,1,1,0,0,0.8659471273422241,0.8694109916687012
637,0,1,1,1,1,1,0,0,0,1,0,1,0,1,1,1,0,1,1,0,1,1,1,0,1,1,0.8461137413978577,0.8466672301292419
638,1,1,0,1,1,1,1,0,1,1,0,1,0,0,1,1,1,1,0,1,1,0,1,1,0,0,0.7409789562225342,0.8235361576080322
639,0,1,0,0,1,1,0,0,0,0,0,1,0,1,1,0,1,1,1,0,1,0,1,1,0,1,0.8309314250946045,0.8520812392234802
640,1,1,1,1,0,1,0,1,0,0,0,0,1,0,0,0,1,1,1,1,0,1,1,1,0,1,0.8833742737770081,0.8372675776481628
641,0,1,1,1,1,1,1,0,0,1,1,1,1,0,0,1,1,1,1,0,0,1,0,1,1,0,0.8112512230873108,0.810451865196228
642,1,0,1,1,0,0,0,0,0,0,1,0,1,1,1,0,1,0,1,1,1,1,1,1,1,1,0.8057057857513428,0.8502874374389648
643,0,1,1,0,1,1,1,0,1,1,0,1,0,0,1,1,1,1,1,0,0,1,0,1,1,1,0.8282259702682495,0.8249775171279907
644,1,1,1,1,1,1,0,0,1,0,1,1,0,0,1,1,1,1,1,1,1,1,0,1,0,1,0.8406224250793457,0.8452292680740356
645,1,1,1,0,1,1,0,0,1,0,0,1,0,0,0,0,1,1,1,1,1,1,1,1,1,1,0.8434966802597046,0.8434966802597046
646,1,1,1,1,1,1,0,0,1,0,0,1,0,1,0,1,1,1,0,1,0,1,0,0,1,1,0.8593908548355103,0.8593908548355103
647,1,1,0,1,0,0,1,1,1,0,1,1,1,1,1,0,1,1,0,1,1,1,1,1,0,0,0.8084579706192017,0.8229788541793823
648,1,0,1,0,1,1,1,0,0,0,1,0,0,0,1,1,1,0,1,0,1,0,1,0,1,0,0.8471062779426575,0.8552933931350708
649,0,0,0,1,1,1,0,0,1,0,0,0,1,1,0,1,0,1,0,1,1,1,1,1,1,1,0.8626775145530701,0.8669572472572327
650,1,0,1,1,1,1,0,1,0,0,1,1,0,1,1,1,1,1,1,1,1,0,1,1,1,1,0.8271440267562866,0.8338008522987366
651,1,1,1,1,0,1,1,1,0,1,1,1,1,1,1,0,1,1,0,0,1,0,1,1,1,1,0.8267138004302979,0.7984280586242676
652,1,1,0,0,1,1,0,1,1,1,0,1,1,0,1,1,1,1,1,1,0,1,1,1,1,1,0.8021543025970459,0.8369805812835693
653,1,1,1,1,1,1,1,0,1,1,0,1,0,1,1,1,1,0,1,1,1,0,1,1,1,0,0.8298894762992859,0.7978594303131104
654,1,1,1,1,1,0,1,1,1,1,0,1,0,1,1,1,0,0,1,1,1,1,0,1,1,1,0.7691513299942017,0.7923891544342041
655,0,1,1,1,1,1,0,1,0,1,0,1,1,1,1,0,1,1,1,0,0,1,1,1,0,1,0.873248815536499,0.873248815536499
656,1,1,1,0,0,1,0,0,1,0,0,1,0,1,0,0,0,1,1,1,0,1,1,1,0,1,0.8177288770675659,0.8057348728179932
657,0,0,1,1,1,0,1,0,0,0,1,0,0,1,1,1,0,1,0,0,0,1,1,0,0,0,0.8570799231529236,0.782659113407135
658,0,1,1,0,0,1,0,1,1,0,0,0,0,1,1,1,1,0,1,0,1,1,1,1,0,1,0.8533642888069153,0.8593908548355103
659,1,1,1,0,1,1,0,1,1,1,0,0,0,1,1,1,1,1,1,1,0,1,1,1,1,1,0.8458874821662903,0.8458874821662903
660,0,0,1,1,0,1,0,1,1,1,1,0,1,1,1,1,1,1,1,0,1,0,1,1,1,0,0.8060340881347656,0.828156054019928
661,1,1,0,1,0,1,0,1,1,0,0,1,1,1,1,1,0,1,1,0,0,1,1,1,1,0,0.8542178869247437,0.8608409762382507
662,1,1,1,0,0,1,0,1,1,0,0,0,1,0,1,0,0,0,1,1,1,1,1,1,1,1,0.8652136325836182,0.8684694766998291
663,1,1,1,1,1,1,0,0,1,1,0,1,1,1,0,0,0,1,1,0,1,1,1,1,0,0,0.84294593334198,0.8259769678115845
664,0,1,0,0,1,1,1,1,1,0,1,1,1,0,0,0,1,0,0,0,1,1,0,0,0,0,0.8582876920700073,0.8578804731369019
665,1,1,0,1,1,1,0,0,0,1,0,0,0,0,1,1,1,0,0,1,1,1,0,1,1,1,0.8473725318908691,0.8526108860969543
666,1,0,1,0,1,0,1,1,0,0,0,0,1,0,1,0,0,0,1,0,1,0,0,1,1,0,0.8764444589614868,0.8779613375663757
667,1,1,0,0,1,1,0,0,0,0,0,1,0,1,1,0,0,1,1,1,1,1,1,1,1,0,0.8779613375663757,0.8611981868743896
668,1,0,1,1,0,1,0,0,1,1,1,1,0,0,1,1,1,1,1,1,1,0,1,1,1,0,0.8434966802597046,0.838983416557312
669,1,1,1,0,1,1,0,0,1,1,1,1,1,1,1,0,1,1,1,1,0,1,1,1,1,0,0.7753331661224365,0.8139137029647827
670,1,0,1,1,1,1,0,1,1,0,0,1,1,1,1,0,1,1,0,1,1,0,0,1,1,0,0.850684404373169,0.8604656457901001
671,1,1,1,0,1,1,0,0,1,0,0,1,1,1,0,1,1,1,1,0,0,0,1,1,0,1,0.8716249465942383,0.850919246673584
672,1,1,0,1,1,1,0,0,1,1,0,1,1,1,0,0,1,1,1,0,0,1,1,0,1,0,0.7526606321334839,0.8316911458969116
673,0,0,1,1,0,1,0,0,1,1,0,1,0,1,1,1,1,0,1,1,0,1,1,1,1,0,0.8358017206192017,0.8444772958755493
674,1,1,1,1,0,1,0,0,1,1,0,1,0,1,0,1,1,1,1,1,0,1,0,1,0,0,0.86020827293396,0.8720685243606567
675,0,1,1,1,0,0,0,1,0,1,1,1,0,1,1,0,1,0,1,0,0,1,0,0,1,0,0.8200924396514893,0.8309763669967651
676,0,1,0,1,1,1,0,1,1,1,0,0,0,0,1,1,1,0,0,0,1,1,0,0,1,1,0.8910255432128906,0.886827290058136
677,1,0,1,1,1,1,1,1,1,1,0,1,0,0,1,1,1,0,1,1,0,1,1,0,1,1,0.7903106212615967,0.7895411252975464
678,1,0,0,1,0,1,0,1,1,0,0,1,1,0,1,0,1,1,1,1,0,1,1,1,1,0,0.8444312810897827,0.8365380764007568
679,0,1,1,1,1,1,0,0,1,1,1,0,0,0,1,0,0,0,0,0,1,0,1,1,1,1,0.849962055683136,0.8618501424789429
680,0,1,1,1,0,1,1,0,0,0,1,0,1,0,1,1,1,1,1,1,1,1,1,1,1,0,0.8275121450424194,0.8472929000854492
681,1,1,1,1,0,0,1,1,0,0,0,0,1,1,1,0,0,1,1,1,0,1,1,1,0,0,0.870816707611084,0.870816707611084
682,1,1,1,1,1,1,1,1,0,1,1,1,0,0,1,0,0,0,0,0,0,0,0,1,0,0,0.8496794700622559,0.8369897603988647
683,1,1,1,0,0,1,0,0,1,0,0,0,0,1,1,1,1,1,1,1,0,1,0,1,1,1,0.8402770757675171,0.8546099662780762
684,1,1,0,1,0,1,1,0,0,1,0,1,1,1,1,1,1,1,1,0,0,1,0,1,1,1,0.8433380722999573,0.8524534702301025
685,0,1,1,1,0,1,1,0,0,1,0,1,1,1,1,0,1,1,1,1,0,1,0,0,1,0,0.8278336524963379,0.8301452994346619
686,0,1,1,0,0,1,1,0,0,0,1,0,1,1,0,0,1,0,1,0,0,1,1,1,1,0,0.8647040724754333,0.8735082149505615
687,0,1,1,0,0,1,0,0,0,1,0,1,0,1,1,0,1,1,0,1,0,0,1,0,1,1,0.8611196279525757,0.8738651275634766
688,1,1,1,1,0,1,0,1,0,0,0,0,1,1,1,1,1,1,1,0,1,1,1,1,1,1,0.8558672666549683,0.8575648069381714
689,1,1,1,1,1,1,1,0,1,1,0,1,0,1,1,1,1,1,1,1,0,1,1,0,0,1,0.8127875924110413,0.8047109842300415
690,0,1,1,0,0,1,0,1,1,1,0,0,1,1,1,0,0,1,1,1,1,0,1,0,1,1,0.6787472367286682,0.8473725318908691
691,0,1,1,1,0,1,0,0,1,1,0,0,1,0,1,1,0,1,0,0,0,0,1,0,0,1,0.8784656524658203,0.8784656524658203
692,0,1,1,1,0,1,0,0,0,1,0,1,1,1,0,0,0,1,1,0,0,1,1,0,1,1,0.8667696714401245,0.857027530670166
693,0,1,0,0,1,1,0,0,1,1,1,1,1,1,0,0,0,1,1,1,0,1,1,1,0,1,0.8126486539840698,0.8363069295883179
694,1,1,1,1,0,1,0,1,1,0,0,1,1,1,0,0,1,1,1,1,0,0,1,1,1,0,0.8555554747581482,0.8528834581375122
695,1,1,1,1,0,0,1,1,1,0,1,1,1,0,1,1,0,0,1,1,1,1,1,1,1,0,0.8084386587142944,0.7944134473800659
696,1,1,1,1,1,1,1,1,1,1,1,1,0,0,0,1,0,1,1,0,0,0,1,1,0,0,0.8059697151184082,0.8081332445144653
697,1,0,1,1,1,1,0,0,1,1,1,0,0,1,0,1,1,0,1,1,0,1,1,1,0,1,0.8639850616455078,0.8625567555427551
698,0,0,1,1,0,1,0,1,1,1,0,0,1,1,1,1,1,1,0,0,1,1,1,1,1,0,0.782351016998291,0.8138641119003296
699,0,1,1,1,0,1,0,1,1,1,1,0,1,1,1,0,0,1,1,1,1,1,1,1,1,1,0.8316184282302856,0.8257149457931519
700,0,1,1,1,0,0,1,0,1,1,1,0,0,0,1,1,1,1,1,1,0,1,1,1,1,0,0.8416380882263184,0.853657603263855
701,1,1,1,1,1,1,0,0,0,0,0,1,1,1,1,1,0,1,1,1,0,1,1,1,1,0,0.825081467628479,0.8253433108329773
702,0,1,1,1,0,1,1,1,0,1,0,0,0,1,1,1,1,1,1,1,1,1,0,1,1,0,0.747077226638794,0.7566737532615662
703,1,1,1,1,0,1,1,0,0,1,1,1,0,1,1,1,0,1,1,1,1,0,1,1,1,1,0.8158079385757446,0.8024449348449707
704,1,1,1,1,1,0,0,0,0,0,1,1,0,1,1,1,1,1,0,0,0,1,0,0,1,1,0.8473080396652222,0.8564994931221008
705,1,1,1,1,1,1,0,0,0,1,0,1,1,1,1,0,1,1,1,0,0,1,0,1,1,0,0.8373311161994934,0.8557385206222534
706,1,1,0,1,0,1,1,0,1,0,0,0,1,0,1,1,1,1,1,1,1,1,0,1,0,0,0.8509129285812378,0.8463441729545593
707,0,1,1,1,0,1,0,0,1,1,1,1,0,0,0,1,1,1,0,1,1,0,1,0,1,1,0.8278900384902954,0.8187277317047119
708,1,1,1,1,0,1,0,0,1,1,0,0,0,0,1,1,1,1,1,1,1,0,1,1,1,1,0.8116757273674011,0.8510584831237793
709,1,0,1,1,1,1,0,0,1,1,0,0,0,1,1,1,1,1,0,1,1,1,1,1,1,0,0.820370078086853,0.8451031446456909
710,1,1,1,1,0,0,0,0,1,1,0,1,0,1,0,1,0,1,1,1,1,0,1,0,1,1,0.8483049273490906,0.8476700782775879
711,1,1,1,1,0,1,0,1,1,0,1,1,0,0,1,1,1,1,1,1,0,0,1,0,1,0,0.8594778776168823,0.8624252080917358
712,1,0,1,0,1,1,0,0,1,1,0,0,0,0,1,1,1,1,1,1,1,1,1,1,1,0,0.8018934726715088,0.8018934726715088
713,0,0,1,1,0,1,0,1,1,1,0,0,0,1,0,1,1,1,1,1,0,0,1,1,1,0,0.8673878908157349,0.8666903972625732
714,0,1,0,1,0,1,1,0,1,1,0,0,1,1,1,1,1,1,1,1,1,0,1,1,1,0,0.8568055629730225,0.8515297174453735
715,0,1,1,1,1,1,0,0,1,1,1,1,0,1,0,0,1,1,0,0,1,0,1,1,1,1,0.8218950629234314,0.8280186653137207
716,0,1,0,1,0,1,0,0,1,1,0,1,0,0,0,0,1,0,1,1,1,0,1,1,0,0,0.8774569034576416,0.8805471062660217
717,0,1,1,0,1,1,0,1,0,1,1,1,0,0,1,1,0,1,0,1,1,1,0,0,1,1,0.8336225748062134,0.8322842121124268
718,0,1,0,1,0,1,0,1,0,1,0,1,0,0,1,0,0,0,1,1,1,1,0,0,0,1,0.8434160947799683,0.8382563591003418
719,0,0,1,1,0,1,0,1,0,1,1,1,0,1,0,1,1,0,1,1,1,1,0,1,1,1,0.8018286228179932,0.8390662670135498
720,0,0,1,1,0,1,1,0,1,1,0,0,1,1,1,1,0,0,1,1,0,1,1,1,0,0,0.8439505100250244,0.8557904958724976
721,1,1,1,0,0,1,0,0,1,1,0,0,1,1,1,0,0,1,1,1,1,0,0,0,1,1,0.85616135597229,0.858383059501648
722,1,1,1,1,0,1,1,1,0,0,1,1,0,1,1,1,0,1,1,0,1,0,1,0,1,1,0.7508845329284668,0.7481492757797241
723,0,1,1,1,1,1,0,0,1,1,0,1,1,0,1,0,1,1,1,1,0,1,1,1,1,0,0.866117000579834,0.8618501424789429
724,0,1,1,1,1,1,0,1,1,1,0,1,0,0,1,1,1,1,1,1,1,1,0,1,1,1,0.8317939043045044,0.8395081758499146
725,1,0,1,1,0,1,1,1,1,1,0,1,0,1,1,1,1,1,1,0,0,1,0,0,0,1,0.7960755825042725,0.7962989211082458
726,0,1,0,1,1,1,1,1,0,1,1,1,0,1,1,1,1,1,1,1,1,0,1,1,0,0,0.746077299118042,0.7598484754562378
727,1,1,1,1,0,1,0,1,1,1,1,0,0,1,1,0,1,1,1,0,1,1,0,1,1,1,0.8163911700248718,0.8560898303985596
728,0,1,1,1,1,1,0,1,1,1,0,1,0,0,1,1,1,1,1,1,0,1,1,0,1,1,0.8078176379203796,0.8308300971984863
729,1,0,1,0,0,1,1,0,1,1,1,0,1,1,1,1,1,1,1,1,1,1,1,0,1,0,0.7758973836898804,0.8004591464996338
730,1,1,1,1,0,1,1,0,1,1,1,1,1,1,1,1,0,1,1,0,1,0,1,1,0,1,0.7868449687957764,0.7954744696617126
731,1,0,1,0,1,1,0,0,1,1,1,0,0,1,0,1,1,1,1,1,1,0,0,1,1,1,0.837803840637207,0.8503268957138062
732,0,0,1,1,1,1,1,0,1,1,0,1,0,1,0,1,1,1,1,1,1,1,1,1,1,0,0.8248424530029297,0.8336225748062134
733,0,1,1,0,1,0,1,1,0,1,0,1,1,1,0,0,1,1,1,1,0,1,1,1,1,1,0.7799164056777954,0.8122248649597168
734,1,1,1,1,0,1,0,0,1,1,0,1,1,0,1,0,0,1,1,1,1,0,0,1,1,1,0.8268991112709045,0.8402427434921265
735,1,1,0,1,1,1,0,1,1,1,1,0,0,0,1,1,1,0,1,1,0,1,1,0,1,1,0.809707760810852,0.8345237970352173
736,0,0,1,1,1,0,1,1,0,0,1,1,0,0,1,0,1,1,1,1,1,1,1,1,0,1,0.7366131544113159,0.8291971683502197
737,0,1,1,1,0,1,0,0,1,1,0,1,0,0,1,0,0,1,1,1,1,1,1,1,1,1,0.8634909391403198,0.863556981086731
738,1,0,1,0,1,0,0,1,0,1,0,1,1,0,1,0,1,1,1,0,1,1,1,0,1,1,0.774350643157959,0.8229427337646484
739,1,1,1,1,1,1,0,0,1,0,1,1,0,1,1,1,0,1,1,1,1,1,1,1,1,1,0.8299356698989868,0.8318374156951904
740,1,1,1,1,0,1,0,1,1,1,0,1,0,0,1,1,1,1,1,1,1,0,1,1,0,1,0.8236011266708374,0.851740837097168
741,0,1,1,1,1,1,1,1,1,1,1,1,0,1,1,0,0,1,1,1,0,1,1,1,1,1,0.760199785232544,0.8056888580322266
742,1,0,1,1,1,1,1,0,0,1,0,1,0,1,1,1,0,1,0,0,1,1,0,1,1,1,0.8101480007171631,0.8098591566085815
743,1,0,1,0,1,1,0,1,1,1,1,1,1,0,1,0,1,1,1,1,1,0,1,1,1,1,0.8369748592376709,0.8119091987609863
744,0,0,1,1,0,0,0,0,1,1,0,0,0,1,1,1,0,1,1,0,1,1,1,1,0,1,0.8365540504455566,0.8501231670379639
745,1,0,1,1,1,1,1,1,0,1,0,0,0,0,1,1,0,1,1,1,0,1,1,1,1,0,0.8235384225845337,0.773320198059082
746,1,0,1,1,0,1,1,0,1,1,0,1,0,1,1,0,1,0,1,1,0,1,1,1,1,1,0.859322726726532,0.8463441729545593
747,1,0,1,1,0,0,0,0,1,1,1,0,0,0,1,1,1,0,1,1,1,1,1,1,1,0,0.8699584007263184,0.8611981868743896
748,1,1,1,0,1,1,0,1,1,1,0,0,1,1,1,0,0,1,1,1,0,1,1,1,1,1,0.8307394981384277,0.8328901529312134
749,1,1,1,1,0,1,0,0,1,1,1,0,1,0,1,0,1,1,0,1,1,1,1,1,0,1,0.8426370024681091,0.8651067018508911
750,0,1,0,1,1,1,0,1,1,1,0,1,0,0,1,1,0,1,1,0,1,1,1,1,1,0,0.8451465368270874,0.8411428928375244
751,1,1,1,1,0,0,1,1,0,1,0,1,0,1,1,0,1,1,0,0,1,1,1,1,1,0,0.8142427206039429,0.822669506072998
752,0,0,1,0,0,1,0,1,1,0,0,1,1,1,1,1,1,0,1,1,1,1,1,1,0,1,0.8184486031532288,0.8215206861495972
753,1,0,1,1,1,0,1,1,1,1,0,1,0,1,1,0,0,1,1,1,1,1,0,1,0,0,0.822062611579895,0.8424036502838135
754,1,1,1,1,1,1,1,0,0,0,0,1,0,1,1,0,1,1,1,1,1,0,1,1,1,0,0.8137500286102295,0.8010096549987793
755,0,0,1,1,1,1,0,1,0,1,0,1,0,0,1,1,0,1,1,1,1,1,0,0,1,1,0.8450261354446411,0.8062918186187744
756,0,0,1,0,0,1,0,1,0,0,0,0,0,1,1,0,1,1,1,1,1,1,1,0,0,0,0.8737825751304626,0.8344981670379639
757,0,1,0,1,1,0,1,1,1,1,0,1,0,1,0,1,1,1,1,1,0,0,1,1,1,1,0.8150002360343933,0.8606509566307068
758,0,1,1,1,1,1,0,1,1,0,1,1,0,0,1,1,1,0,1,1,1,0,1,1,1,1,0.8320333361625671,0.8347102403640747
759,0,0,1,0,1,1,0,0,1,1,1,1,0,0,1,1,1,1,1,1,1,0,1,0,1,0,0.8322842121124268,0.8067829608917236
760,0,1,1,0,0,1,0,1,1,1,0,1,1,1,0,1,1,1,1,1,1,1,1,1,1,0,0.8191113471984863,0.8486651182174683
761,0,1,1,0,0,0,1,0,1,1,0,1,0,1,1,0,0,1,1,1,1,1,1,0,1,1,0.8494390845298767,0.8535403609275818
762,1,1,1,1,1,1,1,1,0,1,1,1,0,0,0,0,0,0,1,1,1,1,1,1,1,0,0.8106840252876282,0.8077710866928101
763,1,1,1,1,0,1,1,0,0,1,1,1,0,1,1,1,0,0,1,0,0,1,0,1,1,1,0.8374791145324707,0.837803840637207
764,0,0,1,1,1,1,1,1,0,1,1,1,1,1,0,1,0,1,1,1,1,1,1,0,1,1,0.747668445110321,0.7415982484817505
765,1,1,1,1,1,1,0,0,0,0,1,1,0,0,1,0,1,0,1,1,1,0,1,1,0,1,0.8562315702438354,0.8622770309448242
766,1,0,1,1,0,1,1,1,1,1,0,0,0,0,1,1,1,1,1,0,1,1,1,1,1,0,0.815272867679596,0.8122563362121582
767,1,1,0,0,0,1,1,1,0,0,0,1,0,1,0,0,0,1,1,1,1,1,1,1,1,0,0.8627996444702148,0.8491174578666687
768,0,1,1,1,0,1,1,1,1,0,0,1,0,1,0,1,1,1,1,0,1,0,0,1,0,1,0.8293070197105408,0.817520022392273
769,1,0,1,0,1,1,1,0,1,0,0,1,1,0,0,0,0,0,1,1,0,0,0,1,1,1,0.8627996444702148,0.8633551597595215
770,1,1,1,1,1,1,1,0,0,1,1,0,1,1,1,0,1,1,1,1,1,0,1,1,0,1,0.763527512550354,0.8022860288619995
771,1,1,1,1,1,1,0,0,0,1,0,0,1,1,0,0,0,0,1,1,1,0,1,1,1,1,0.8655088543891907,0.8725915551185608
772,1,0,1,1,1,0,0,1,1,1,1,1,1,1,0,1,1,1,1,0,0,0,1,0,1,1,0.7160611748695374,0.8249775171279907
773,1,1,1,1,0,0,1,0,0,0,1,1,1,1,1,1,0,1,1,1,0,0,1,1,0,1,0.8522226810455322,0.8531398773193359
774,1,0,1,1,1,1,0,1,1,0,1,1,1,0,1,1,1,1,0,1,1,0,1,1,0,1,0.7991782426834106,0.8227401971817017
775,0,1,1,1,1,1,0,1,1,1,0,1,0,1,1,0,0,1,1,1,1,1,1,1,0,1,0.8575072288513184,0.8527141213417053
776,0,1,1,0,1,1,0,1,1,0,0,0,1,0,1,0,1,1,1,1,1,1,0,1,1,1,0.7646453976631165,0.8816109299659729
777,0,1,1,0,1,1,1,0,0,1,0,1,1,0,0,1,1,1,1,1,1,0,0,0,0,1,0.8205395936965942,0.810331404209137
778,1,1,0,0,0,1,0,0,0,1,0,1,0,1,0,1,0,1,1,0,1,0,1,0,0,1,0.8301370739936829,0.8614137172698975
779,0,1,1,1,1,0,0,1,0,1,0,1,0,0,1,1,1,1,1,1,0,1,1,0,1,1,0.8200638890266418,0.8243473768234253
780,0,1,1,0,1,1,0,1,0,0,1,1,0,1,1,1,1,1,1,1,1,1,0,0,1,0,0.8357753157615662,0.8385598063468933
781,1,0,1,1,0,1,0,1,0,1,1,1,0,0,1,1,1,1,1,1,1,0,1,1,0,0,0.8299762010574341,0.84294593334198
782,1,1,1,1,1,0,1,0,1,1,0,0,0,1,1,1,0,0,1,1,1,1,1,1,1,0,0.8418095707893372,0.844595193862915
783,1,1,1,1,1,1,0,1,0,0,0,0,1,0,1,0,1,1,1,0,1,0,0,1,1,1,0.8545478582382202,0.851587176322937
784,0,1,1,1,0,1,1,1,0,1,0,1,0,0,0,1,0,1,1,1,0,1,1,0,1,1,0.8440821170806885,0.8500526547431946
785,1,1,0,1,0,0,1,1,1,1,1,0,1,0,1,0,0,0,0,0,0,1,0,1,0,0,0.8534771203994751,0.8559427857398987
786,0,1,1,1,0,1,0,0,0,1,0,0,1,1,1,1,1,1,1,1,1,1,1,0,1,1,0.8166561126708984,0.7922346591949463
787,1,0,1,1,1,1,1,1,1,0,1,1,1,1,1,1,1,0,1,1,0,1,1,1,1,0,0.7564429044723511,0.7516030073165894
788,1,1,1,1,1,1,1,0,0,1,0,0,0,1,1,1,1,1,1,1,0,0,1,1,1,1,0.81396484375,0.7887535691261292
789,1,0,1,0,0,1,0,1,1,0,0,1,1,0,0,1,1,1,1,1,1,1,1,1,0,0,0.860956072807312,0.8724960088729858
790,0,1,1,1,1,1,1,1,1,0,1,1,1,1,0,0,1,0,1,1,1,0,0,1,1,1,0.8291447162628174,0.8220540881156921
791,1,1,1,1,1,1,1,1,1,0,0,1,1,1,1,1,0,1,1,1,1,1,1,1,0,1,0.7317574620246887,0.7270448207855225
792,1,1,1,0,0,0,0,1,0,1,1,1,1,1,1,0,1,1,1,0,1,0,1,1,1,1,0.8438783884048462,0.8308893442153931
793,1,1,1,1,1,0,0,0,0,1,1,1,0,1,0,0,0,1,1,1,0,0,1,0,0,1,0.8384292125701904,0.82257479429245
794,1,1,1,1,1,0,0,0,1,1,0,1,0,1,1,0,1,1,1,1,0,1,1,0,1,1,0.8350649476051331,0.8336225748062134
795,0,0,1,1,1,1,0,1,1,0,0,0,0,1,1,1,1,0,1,0,1,1,1,1,1,0,0.8564994931221008,0.8861189484596252
796,0,1,1,0,0,0,0,1,1,1,0,1,0,0,0,0,1,1,0,0,1,0,1,0,1,0,0.8654413223266602,0.8713325262069702
797,0,0,1,0,1,1,0,0,1,0,0,0,0,1,0,0,1,0,1,0,1,0,1,0,0,1,0.8738243579864502,0.865413248538971
798,0,0,0,1,0,0,1,1,1,1,1,0,0,0,1,1,0,1,0,0,1,0,0,0,1,1,0.8609780073165894,0.8469345569610596
799,1,0,0,0,1,1,0,0,0,0,0,1,1,1,1,0,1,1,1,1,0,1,1,0,1,0,0.8631924390792847,0.863243818283081
800,1,1,0,0,0,1,0,0,1,1,1,0,0,1,0,0,1,1,1,0,0,0,0,0,1,1,0.8478971123695374,0.8616642951965332
801,1,1,1,0,1,0,0,1,0,0,1,1,0,0,0,1,0,0,0,0,1,1,1,0,1,0,0.8321627974510193,0.8440925478935242
802,1,1,1,1,0,0,0,0,0,1,1,0,0,0,0,1,0,0,0,1,1,1,0,1,0,0,0.8633551597595215,0.873021125793457
803,0,1,1,0,0,0,0,0,1,1,1,1,0,1,1,1,0,0,1,0,0,0,1,0,1,0,0.8316911458969116,0.8291479349136353
804,0,1,0,0,1,1,1,0,1,1,1,0,1,0,0,0,1,1,0,1,0,0,0,1,0,0,0.8722912669181824,0.8574420213699341
805,0,1,0,1,1,1,0,1,0,0,1,0,1,0,0,1,1,1,0,0,1,0,1,1,1,0,0.8818026781082153,0.8818026781082153
806,1,1,0,0,1,1,0,0,0,0,0,0,0,1,1,0,1,0,1,0,0,0,1,1,0,0,0.84879469871521,0.8598175644874573
807,0,1,1,0,0,1,1,1,0,1,1,0,0,1,1,0,0,1,0,1,1,1,0,1,0,0,0.8321466445922852,0.8536628484725952
808,0,0,1,1,0,1,1,0,1,0,1,1,1,1,1,1,1,1,0,1,1,1,1,1,1,1,0.7662883400917053,0.7491971254348755
809,0,0,1,0,1,1,1,1,0,1,1,1,1,0,1,0,0,1,1,1,1,1,0,0,0,0,0.8262930512428284,0.8408076763153076
810,0,1,0,0,0,0,0,1,1,0,1,1,0,0,1,0,0,0,1,1,0,0,0,0,0,1,0.8611260056495667,0.8699883222579956
811,0,1,0,0,0,0,0,0,0,1,0,1,0,1,0,0,1,1,1,0,0,0,1,0,0,1,0.8831132650375366,0.8860781192779541
812,1,1,1,1,0,0,0,0,1,0,1,1,0,1,0,0,0,0,1,1,0,0,1,1,0,0,0.847174882888794,0.8424933552742004
813,1,0,0,0,1,0,1,0,0,0,0,0,1,1,1,0,0,1,0,1,1,1,1,1,0,0,0.8420331478118896,0.8801637887954712
814,1,1,0,1,0,1,0,0,1,1,0,1,1,1,1,0,0,1,1,1,1,1,0,1,1,0,0.8468180894851685,0.8393573760986328
815,1,0,1,1,1,1,0,1,0,1,0,1,1,0,0,1,1,1,0,0,0,1,1,0,1,0,0.8456615209579468,0.8493168354034424
816,0,1,0,1,1,0,0,0,0,0,0,1,1,1,0,0,0,0,1,1,1,0,0,0,1,0,0.8445001840591431,0.862917959690094
817,1,0,1,0,0,0,0,1,1,0,0,1,0,0,1,1,1,1,0,1,1,0,0,0,0,0,0.8611196279525757,0.8589374423027039
818,0,1,0,1,0,1,1,1,1,0,1,1,0,0,0,1,0,1,1,1,0,1,0,0,0,1,0.8177250623703003,0.8319970369338989
819,1,0,0,0,1,0,0,1,1,0,1,1,0,0,1,1,0,0,0,0,1,0,1,0,0,0,0.8649373054504395,0.8649373054504395
820,1,1,0,0,0,0,1,1,0,1,1,1,1,0,0,0,1,1,1,1,0,0,0,1,0,0,0.8279114365577698,0.8504559993743896
821,0,1,1,1,1,0,1,0,0,0,0,1,0,0,0,0,0,1,1,0,0,1,0,0,0,0,0.8797290921211243,0.8797290921211243
822,0,0,0,1,0,0,0,0,1,0,1,1,1,1,1,1,1,1,0,0,1,1,1,0,1,0,0.8353955149650574,0.8323901891708374
823,1,1,1,1,0,1,0,0,0,0,0,1,0,0,1,1,0,0,1,0,0,0,0,0,1,0,0.8533220291137695,0.8444162607192993
824,0,1,1,1,1,0,1,0,0,1,0,1,0,1,0,1,1,1,0,0,0,1,1,0,1,1,0.8425621390342712,0.847174882888794
825,1,1,1,0,1,0,1,1,1,1,0,0,0,0,1,0,1,1,0,0,1,1,0,1,1,1,0.846100926399231,0.8295890092849731
826,1,1,1,0,1,1,1,1,0,0,1,0,0,1,0,1,1,1,0,1,1,0,0,1,0,0,0.8124343156814575,0.8032209873199463
827,0,0,0,1,1,0,0,0,1,1,0,0,0,1,1,0,1,0,1,1,0,0,1,1,0,0,0.8399625420570374,0.8501231670379639
828,1,0,0,1,1,1,1,1,1,1,0,1,0,0,1,1,0,1,0,0,1,1,1,1,1,1,0.8311779499053955,0.7765620946884155
829,0,1,1,1,1,0,0,1,0,1,0,1,1,1,1,1,1,0,1,1,0,0,0,1,1,0,0.8411428928375244,0.8368025422096252
830,0,0,0,0,1,1,1,0,1,1,1,0,1,1,0,1,0,0,1,1,1,1,1,0,1,0,0.8456615209579468,0.80901700258255
831,0,0,1,1,0,1,0,1,0,1,0,1,1,1,1,1,1,0,0,0,0,1,1,1,0,1,0.8310618996620178,0.8125487565994263
832,1,0,1,0,0,0,0,1,0,0,0,1,1,1,1,1,0,0,1,0,0,0,1,0,1,1,0.855547308921814,0.8639850616455078
833,0,0,0,0,0,1,1,0,1,0,1,0,0,0,1,1,1,1,1,1,1,1,1,0,0,0,0.8374791145324707,0.8369208574295044
834,0,1,1,1,1,1,1,1,0,1,1,0,0,0,1,0,0,0,1,1,0,1,0,1,0,1,0.8487519025802612,0.8271381855010986
835,0,0,1,0,1,1,0,1,0,0,1,1,0,0,0,0,1,0,1,1,0,0,1,0,0,1,0.872056245803833,0.8735082149505615
836,1,1,1,1,0,0,0,1,0,1,1,1,1,1,1,1,0,0,0,1,0,0,1,1,0,0,0.8157519102096558,0.8431531190872192
837,0,0,0,1,0,0,1,0,1,1,0,1,0,1,1,1,1,1,1,1,0,1,1,1,1,0,0.8710575103759766,0.8789755702018738
838,0,0,0,1,0,0,1,1,0,0,0,0,0,0,1,1,0,0,1,0,0,1,1,1,0,0,0.878076434135437,0.8648183345794678
839,1,1,0,1,0,1,1,1,0,0,0,1,0,0,1,0,0,1,1,0,0,1,0,0,1,1,0.8501925468444824,0.8574420213699341
840,1,1,0,0,1,0,0,1,0,1,1,0,1,0,1,1,0,0,0,0,0,0,0,0,1,1,0.819359540939331,0.8450123071670532
841,0,0,1,1,1,1,0,1,1,0,0,1,0,0,0,1,1,1,1,1,0,1,1,1,1,1,0.8397142887115479,0.8505495190620422
842,0,0,0,0,0,0,1,1,1,0,1,1,0,1,1,1,1,1,1,1,1,1,1,1,1,0,0.7257927656173706,0.7769783735275269
843,1,0,1,1,1,0,0,1,0,1,0,0,0,1,0,1,1,1,1,1,0,0,0,1,1,1,0.8807426691055298,0.8807426691055298
844,1,1,1,0,0,1,0,0,0,0,0,0,0,1,1,0,0,0,1,1,1,0,0,1,0,0,0.8847984075546265,0.8517672419548035
845,1,1,1,0,1,0,1,0,0,1,1,0,1,1,1,1,1,0,0,0,1,1,1,1,1,1,0.834331214427948,0.8610118627548218
846,1,0,1,1,0,0,0,0,1,1,1,0,1,1,0,0,0,1,1,0,0,0,0,0,0,1,0.858383059501648,0.8445795774459839
847,0,1,1,1,0,1,0,1,1,1,1,1,1,0,0,1,1,0,0,1,0,1,1,1,0,1,0.8296197056770325,0.8481118083000183
848,1,1,1,0,1,1,1,1,1,1,0,1,0,1,1,0,0,1,0,1,0,1,1,1,0,0,0.8077906370162964,0.8458874821662903
849,0,1,1,1,0,0,1,0,0,0,0,1,1,1,0,1,0,1,0,1,0,1,0,1,1,0,0.8613204956054688,0.8744199275970459
850,0,0,1,1,0,1,0,0,1,0,1,0,0,0,0,0,1,0,0,1,0,1,1,1,0,0,0.8536213636398315,0.8812287449836731
851,1,1,0,1,1,0,1,1,0,0,1,0,1,0,0,0,1,0,0,0,0,1,0,0,0,1,0.7829384803771973,0.851587176322937
852,1,1,1,0,1,0,1,1,1,1,0,1,1,1,0,0,1,1,0,0,0,0,0,1,1,0,0.7950915098190308,0.8410602807998657
853,0,0,1,0,1,0,0,1,0,1,1,0,1,0,1,1,0,1,0,1,0,1,1,0,0,0,0.8508659601211548,0.846742570400238
854,0,0,1,1,0,0,0,1,1,1,0,1,0,0,0,0,1,0,1,0,1,1,1,1,0,0,0.8415735960006714,0.8415735960006714
855,0,0,1,1,1,0,1,0,0,0,0,1,1,0,0,1,0,1,0,1,1,1,0,1,0,1,0.822445273399353,0.8678213357925415
